0 verbose cli /opt/homebrew/Cellar/node/23.7.0/bin/node /opt/homebrew/bin/npm
1 info using npm@10.9.2
2 info using node@v23.7.0
3 silly config load:file:/opt/homebrew/lib/node_modules/npm/npmrc
4 silly config load:file:/Users/nikhilmohanty/Documents/reclaim/RecoverVoiceApp/.npmrc
5 silly config load:file:/Users/nikhilmohanty/.npmrc
6 silly config load:file:/opt/homebrew/etc/npmrc
7 verbose title npm install @react-navigation/native @react-navigation/native-stack @react-navigation/bottom-tabs react-native-safe-area-context react-native-screens firebase @react-native-async-storage/async-storage @expo/vector-icons axios expo-linear-gradient expo-linking expo-constants
8 verbose argv "install" "@react-navigation/native" "@react-navigation/native-stack" "@react-navigation/bottom-tabs" "react-native-safe-area-context" "react-native-screens" "firebase" "@react-native-async-storage/async-storage" "@expo/vector-icons" "axios" "expo-linear-gradient" "expo-linking" "expo-constants"
9 verbose logfile logs-max:10 dir:/Users/nikhilmohanty/Documents/reclaim/.npm-cache/_logs/2025-11-14T05_28_44_271Z-
10 verbose logfile /Users/nikhilmohanty/Documents/reclaim/.npm-cache/_logs/2025-11-14T05_28_44_271Z-debug-0.log
11 silly logfile done cleaning log files
12 silly packumentCache heap:4345298944 maxSize:1086324736 maxEntrySize:543162368
13 silly idealTree buildDeps
14 silly fetch manifest @react-navigation/native@*
15 silly packumentCache full:https://registry.npmjs.org/@react-navigation%2fnative cache-miss
16 verbose shrinkwrap failed to load node_modules/.package-lock.json out of date, updated: node_modules
17 http fetch GET 200 https://registry.npmjs.org/@react-navigation%2fnative 196ms (cache miss)
18 silly packumentCache full:https://registry.npmjs.org/@react-navigation%2fnative set size:undefined disposed:false
19 silly fetch manifest react@19.1.0
20 silly packumentCache full:https://registry.npmjs.org/react cache-miss
21 http fetch GET 200 https://registry.npmjs.org/react 131ms (cache miss)
22 silly packumentCache full:https://registry.npmjs.org/react set size:undefined disposed:false
23 silly fetch manifest react-native@0.81.5
24 silly packumentCache full:https://registry.npmjs.org/react-native cache-miss
25 http fetch GET 200 https://registry.npmjs.org/react-native 144ms (cache miss)
26 silly packumentCache full:https://registry.npmjs.org/react-native set size:undefined disposed:false
27 silly fetch manifest @types/react@^19.1.0
28 silly packumentCache full:https://registry.npmjs.org/@types%2freact cache-miss
29 http fetch GET 200 https://registry.npmjs.org/@types%2freact 67ms (cache miss)
30 silly packumentCache full:https://registry.npmjs.org/@types%2freact set size:undefined disposed:false
31 silly fetch manifest @react-navigation/native-stack@*
32 silly packumentCache full:https://registry.npmjs.org/@react-navigation%2fnative-stack cache-miss
33 http fetch GET 200 https://registry.npmjs.org/@react-navigation%2fnative-stack 56ms (cache miss)
34 silly packumentCache full:https://registry.npmjs.org/@react-navigation%2fnative-stack set size:undefined disposed:false
35 silly fetch manifest react-native-safe-area-context@*
36 silly packumentCache full:https://registry.npmjs.org/react-native-safe-area-context cache-miss
37 http fetch GET 200 https://registry.npmjs.org/react-native-safe-area-context 38ms (cache miss)
38 silly packumentCache full:https://registry.npmjs.org/react-native-safe-area-context set size:undefined disposed:false
39 silly fetch manifest react-native-screens@*
40 silly packumentCache full:https://registry.npmjs.org/react-native-screens cache-miss
41 http fetch GET 200 https://registry.npmjs.org/react-native-screens 45ms (cache miss)
42 silly packumentCache full:https://registry.npmjs.org/react-native-screens set size:undefined disposed:false
43 silly fetch manifest @react-navigation/bottom-tabs@*
44 silly packumentCache full:https://registry.npmjs.org/@react-navigation%2fbottom-tabs cache-miss
45 http fetch GET 200 https://registry.npmjs.org/@react-navigation%2fbottom-tabs 80ms (cache miss)
46 silly packumentCache full:https://registry.npmjs.org/@react-navigation%2fbottom-tabs set size:undefined disposed:false
47 silly fetch manifest firebase@*
48 silly packumentCache full:https://registry.npmjs.org/firebase cache-miss
49 http fetch GET 200 https://registry.npmjs.org/firebase 376ms (cache miss)
50 silly packumentCache full:https://registry.npmjs.org/firebase set size:undefined disposed:false
51 silly fetch manifest @react-native-async-storage/async-storage@*
52 silly packumentCache full:https://registry.npmjs.org/@react-native-async-storage%2fasync-storage cache-miss
53 http fetch GET 200 https://registry.npmjs.org/@react-native-async-storage%2fasync-storage 49ms (cache miss)
54 silly packumentCache full:https://registry.npmjs.org/@react-native-async-storage%2fasync-storage set size:undefined disposed:false
55 silly fetch manifest @expo/vector-icons@*
56 silly packumentCache full:https://registry.npmjs.org/@expo%2fvector-icons cache-miss
57 http fetch GET 200 https://registry.npmjs.org/@expo%2fvector-icons 54ms (cache miss)
58 silly packumentCache full:https://registry.npmjs.org/@expo%2fvector-icons set size:undefined disposed:false
59 silly fetch manifest expo-font@>=14.0.4
60 silly packumentCache full:https://registry.npmjs.org/expo-font cache-miss
61 http fetch GET 200 https://registry.npmjs.org/expo-font 39ms (cache miss)
62 silly packumentCache full:https://registry.npmjs.org/expo-font set size:undefined disposed:false
63 silly fetch manifest expo@~54.0.20
64 silly packumentCache full:https://registry.npmjs.org/expo cache-miss
65 http fetch GET 200 https://registry.npmjs.org/expo 74ms (cache miss)
66 silly packumentCache full:https://registry.npmjs.org/expo set size:undefined disposed:false
67 silly fetch manifest @expo/dom-webview@*
68 silly packumentCache full:https://registry.npmjs.org/@expo%2fdom-webview cache-miss
69 http fetch GET 200 https://registry.npmjs.org/@expo%2fdom-webview 49ms (cache miss)
70 silly packumentCache full:https://registry.npmjs.org/@expo%2fdom-webview set size:undefined disposed:false
71 silly fetch manifest @expo/metro-runtime@*
72 silly packumentCache full:https://registry.npmjs.org/@expo%2fmetro-runtime cache-miss
73 http fetch GET 200 https://registry.npmjs.org/@expo%2fmetro-runtime 48ms (cache miss)
74 silly packumentCache full:https://registry.npmjs.org/@expo%2fmetro-runtime set size:undefined disposed:false
75 silly fetch manifest react-dom@*
76 silly packumentCache full:https://registry.npmjs.org/react-dom cache-miss
77 http fetch GET 200 https://registry.npmjs.org/react-dom 142ms (cache miss)
78 silly packumentCache full:https://registry.npmjs.org/react-dom set size:undefined disposed:false
79 silly fetch manifest react@^19.2.0
80 silly packumentCache full:https://registry.npmjs.org/react cache-miss
81 http cache https://registry.npmjs.org/react 9ms (cache hit)
82 silly packumentCache full:https://registry.npmjs.org/react set size:6260175 disposed:false
83 silly fetch manifest react-native-webview@*
84 silly packumentCache full:https://registry.npmjs.org/react-native-webview cache-miss
85 http fetch GET 200 https://registry.npmjs.org/react-native-webview 41ms (cache miss)
86 silly packumentCache full:https://registry.npmjs.org/react-native-webview set size:undefined disposed:false
87 silly fetch manifest axios@*
88 silly packumentCache full:https://registry.npmjs.org/axios cache-miss
89 http fetch GET 200 https://registry.npmjs.org/axios 36ms (cache miss)
90 silly packumentCache full:https://registry.npmjs.org/axios set size:undefined disposed:false
91 silly fetch manifest expo-linear-gradient@*
92 silly packumentCache full:https://registry.npmjs.org/expo-linear-gradient cache-miss
93 http fetch GET 200 https://registry.npmjs.org/expo-linear-gradient 39ms (cache miss)
94 silly packumentCache full:https://registry.npmjs.org/expo-linear-gradient set size:undefined disposed:false
95 silly fetch manifest expo-linking@*
96 silly packumentCache full:https://registry.npmjs.org/expo-linking cache-miss
97 http fetch GET 200 https://registry.npmjs.org/expo-linking 40ms (cache miss)
98 silly packumentCache full:https://registry.npmjs.org/expo-linking set size:undefined disposed:false
99 silly fetch manifest expo-constants@*
100 silly packumentCache full:https://registry.npmjs.org/expo-constants cache-miss
101 http fetch GET 200 https://registry.npmjs.org/expo-constants 34ms (cache miss)
102 silly packumentCache full:https://registry.npmjs.org/expo-constants set size:undefined disposed:false
103 silly placeDep ROOT @expo/vector-icons@15.0.3 OK for: recovervoiceapp@1.0.0 want: *
104 silly placeDep ROOT expo-font@14.0.9 OK for: @expo/vector-icons@15.0.3 want: >=14.0.4
105 silly placeDep ROOT @react-native-async-storage/async-storage@2.2.0 OK for: recovervoiceapp@1.0.0 want: *
106 silly placeDep ROOT @react-navigation/bottom-tabs@7.8.4 OK for: recovervoiceapp@1.0.0 want: *
107 silly placeDep ROOT @react-navigation/native@7.1.19 OK for: @react-navigation/bottom-tabs@7.8.4 want: ^7.1.19
108 silly placeDep ROOT react-native-safe-area-context@5.6.2 OK for: @react-navigation/bottom-tabs@7.8.4 want: >= 4.0.0
109 silly placeDep ROOT react-native-screens@4.18.0 OK for: @react-navigation/bottom-tabs@7.8.4 want: >= 4.0.0
110 silly placeDep ROOT @react-navigation/native@7.1.19 REPLACE for: recovervoiceapp@1.0.0 want: *
111 silly placeDep ROOT @react-navigation/native-stack@7.6.2 OK for: recovervoiceapp@1.0.0 want: *
112 silly placeDep ROOT axios@1.13.2 OK for: recovervoiceapp@1.0.0 want: *
113 silly placeDep ROOT expo-constants@18.0.10 OK for: recovervoiceapp@1.0.0 want: *
114 silly placeDep ROOT expo-linear-gradient@15.0.7 OK for: recovervoiceapp@1.0.0 want: *
115 silly placeDep ROOT expo-linking@8.0.8 OK for: recovervoiceapp@1.0.0 want: *
116 silly placeDep ROOT firebase@12.6.0 OK for: recovervoiceapp@1.0.0 want: *
117 silly placeDep ROOT react-native-safe-area-context@5.6.2 REPLACE for: recovervoiceapp@1.0.0 want: *
118 silly placeDep ROOT react-native-screens@4.18.0 REPLACE for: recovervoiceapp@1.0.0 want: *
119 silly fetch manifest merge-options@^3.0.4
120 silly packumentCache full:https://registry.npmjs.org/merge-options cache-miss
121 silly fetch manifest @react-navigation/elements@^2.8.1
122 silly packumentCache full:https://registry.npmjs.org/@react-navigation%2felements cache-miss
123 silly fetch manifest color@^4.2.3
124 silly packumentCache full:https://registry.npmjs.org/color cache-miss
125 silly fetch manifest sf-symbols-typescript@^2.1.0
126 silly packumentCache full:https://registry.npmjs.org/sf-symbols-typescript cache-miss
127 silly fetch manifest warn-once@^0.1.0
128 silly packumentCache full:https://registry.npmjs.org/warn-once cache-miss
129 silly fetch manifest react-freeze@^1.0.0
130 silly packumentCache full:https://registry.npmjs.org/react-freeze cache-miss
131 silly fetch manifest @react-navigation/core@^7.13.0
132 silly packumentCache full:https://registry.npmjs.org/@react-navigation%2fcore cache-miss
133 silly fetch manifest escape-string-regexp@^4.0.0
134 silly packumentCache full:https://registry.npmjs.org/escape-string-regexp cache-miss
135 silly fetch manifest use-latest-callback@^0.2.4
136 silly packumentCache full:https://registry.npmjs.org/use-latest-callback cache-miss
137 silly fetch manifest @react-navigation/core@^7.13.0
138 silly packumentCache full:https://registry.npmjs.org/@react-navigation%2fcore cache-miss
139 http fetch GET 200 https://registry.npmjs.org/sf-symbols-typescript 47ms (cache miss)
140 silly packumentCache full:https://registry.npmjs.org/sf-symbols-typescript set size:undefined disposed:false
141 silly fetch manifest escape-string-regexp@^4.0.0
142 silly packumentCache full:https://registry.npmjs.org/escape-string-regexp cache-miss
143 http fetch GET 200 https://registry.npmjs.org/warn-once 50ms (cache miss)
144 silly packumentCache full:https://registry.npmjs.org/warn-once set size:undefined disposed:false
145 silly fetch manifest use-latest-callback@^0.2.4
146 silly packumentCache full:https://registry.npmjs.org/use-latest-callback cache-miss
147 http fetch GET 200 https://registry.npmjs.org/merge-options 52ms (cache miss)
148 silly packumentCache full:https://registry.npmjs.org/merge-options set size:undefined disposed:false
149 silly fetch manifest @react-navigation/elements@^2.8.1
150 silly packumentCache full:https://registry.npmjs.org/@react-navigation%2felements cache-miss
151 http fetch GET 200 https://registry.npmjs.org/color 55ms (cache miss)
152 silly packumentCache full:https://registry.npmjs.org/color set size:undefined disposed:false
153 silly fetch manifest warn-once@^0.1.1
154 silly packumentCache full:https://registry.npmjs.org/warn-once cache-miss
155 http cache https://registry.npmjs.org/warn-once 1ms (cache hit)
156 silly packumentCache full:https://registry.npmjs.org/warn-once set size:8138 disposed:false
157 silly fetch manifest follow-redirects@^1.15.6
158 silly packumentCache full:https://registry.npmjs.org/follow-redirects cache-miss
159 http fetch GET 200 https://registry.npmjs.org/react-freeze 65ms (cache miss)
160 silly packumentCache full:https://registry.npmjs.org/react-freeze set size:undefined disposed:false
161 silly fetch manifest form-data@^4.0.4
162 silly packumentCache full:https://registry.npmjs.org/form-data cache-miss
163 http fetch GET 200 https://registry.npmjs.org/use-latest-callback 69ms (cache miss)
164 silly packumentCache full:https://registry.npmjs.org/use-latest-callback set size:undefined disposed:false
165 silly fetch manifest proxy-from-env@^1.1.0
166 silly packumentCache full:https://registry.npmjs.org/proxy-from-env cache-miss
167 http fetch GET 200 https://registry.npmjs.org/escape-string-regexp 31ms (cache miss)
168 silly packumentCache full:https://registry.npmjs.org/escape-string-regexp set size:undefined disposed:false
169 silly fetch manifest @firebase/ai@2.6.0
170 silly packumentCache full:https://registry.npmjs.org/@firebase%2fai cache-miss
171 http fetch GET 200 https://registry.npmjs.org/@react-navigation%2fcore 81ms (cache miss)
172 silly packumentCache full:https://registry.npmjs.org/@react-navigation%2fcore set size:undefined disposed:false
173 silly fetch manifest @firebase/app@0.14.6
174 silly packumentCache full:https://registry.npmjs.org/@firebase%2fapp cache-miss
175 http fetch GET 200 https://registry.npmjs.org/escape-string-regexp 86ms (cache miss)
176 silly packumentCache full:https://registry.npmjs.org/escape-string-regexp set size:undefined disposed:false
177 silly fetch manifest @firebase/auth@1.11.1
178 silly packumentCache full:https://registry.npmjs.org/@firebase%2fauth cache-miss
179 http fetch GET 200 https://registry.npmjs.org/use-latest-callback 37ms (cache miss)
180 silly packumentCache full:https://registry.npmjs.org/use-latest-callback set size:undefined disposed:false
181 silly fetch manifest @firebase/util@1.13.0
182 silly packumentCache full:https://registry.npmjs.org/@firebase%2futil cache-miss
183 http fetch GET 200 https://registry.npmjs.org/follow-redirects 36ms (cache miss)
184 silly packumentCache full:https://registry.npmjs.org/follow-redirects set size:undefined disposed:false
185 silly fetch manifest @firebase/storage@0.14.0
186 silly packumentCache full:https://registry.npmjs.org/@firebase%2fstorage cache-miss
187 http fetch GET 200 https://registry.npmjs.org/form-data 31ms (cache miss)
188 silly packumentCache full:https://registry.npmjs.org/form-data set size:undefined disposed:false
189 silly fetch manifest @firebase/database@1.1.0
190 silly packumentCache full:https://registry.npmjs.org/@firebase%2fdatabase cache-miss
191 http fetch GET 200 https://registry.npmjs.org/proxy-from-env 29ms (cache miss)
192 silly packumentCache full:https://registry.npmjs.org/proxy-from-env set size:undefined disposed:false
193 silly fetch manifest @firebase/analytics@0.10.19
194 silly packumentCache full:https://registry.npmjs.org/@firebase%2fanalytics cache-miss
195 http fetch GET 200 https://registry.npmjs.org/@react-navigation%2fcore 100ms (cache miss)
196 silly packumentCache full:https://registry.npmjs.org/@react-navigation%2fcore set size:undefined disposed:false
197 silly fetch manifest @firebase/app-check@0.11.0
198 silly packumentCache full:https://registry.npmjs.org/@firebase%2fapp-check cache-miss
199 http fetch GET 200 https://registry.npmjs.org/@react-navigation%2felements 112ms (cache miss)
200 silly packumentCache full:https://registry.npmjs.org/@react-navigation%2felements set size:undefined disposed:false
201 silly fetch manifest @firebase/app-types@0.9.3
202 silly packumentCache full:https://registry.npmjs.org/@firebase%2fapp-types cache-miss
203 http fetch GET 200 https://registry.npmjs.org/@react-navigation%2felements 62ms (cache miss)
204 silly packumentCache full:https://registry.npmjs.org/@react-navigation%2felements set size:undefined disposed:false
205 silly fetch manifest @firebase/firestore@4.9.2
206 silly packumentCache full:https://registry.npmjs.org/@firebase%2ffirestore cache-miss
207 http fetch GET 200 https://registry.npmjs.org/@firebase%2fai 76ms (cache miss)
208 silly packumentCache full:https://registry.npmjs.org/@firebase%2fai set size:undefined disposed:false
209 silly fetch manifest @firebase/functions@0.13.1
210 silly packumentCache full:https://registry.npmjs.org/@firebase%2ffunctions cache-miss
211 http fetch GET 200 https://registry.npmjs.org/@firebase%2fapp-check 232ms (cache miss)
212 silly packumentCache full:https://registry.npmjs.org/@firebase%2fapp-check set size:undefined disposed:false
213 silly fetch manifest @firebase/messaging@0.12.23
214 silly packumentCache full:https://registry.npmjs.org/@firebase%2fmessaging cache-miss
215 http fetch GET 200 https://registry.npmjs.org/@firebase%2fauth 352ms (cache miss)
216 silly packumentCache full:https://registry.npmjs.org/@firebase%2fauth set size:undefined disposed:false
217 silly fetch manifest @firebase/app-compat@0.5.6
218 silly packumentCache full:https://registry.npmjs.org/@firebase%2fapp-compat cache-miss
219 http fetch GET 200 https://registry.npmjs.org/@firebase%2fapp-types 367ms (cache miss)
220 silly packumentCache full:https://registry.npmjs.org/@firebase%2fapp-types set size:undefined disposed:false
221 silly fetch manifest @firebase/auth-compat@0.6.1
222 silly packumentCache full:https://registry.npmjs.org/@firebase%2fauth-compat cache-miss
223 http fetch GET 200 https://registry.npmjs.org/@firebase%2futil 418ms (cache miss)
224 silly packumentCache full:https://registry.npmjs.org/@firebase%2futil set size:undefined disposed:false
225 silly fetch manifest @firebase/performance@0.7.9
226 silly packumentCache full:https://registry.npmjs.org/@firebase%2fperformance cache-miss
227 http fetch GET 200 https://registry.npmjs.org/@firebase%2fapp-compat 152ms (cache miss)
228 silly packumentCache full:https://registry.npmjs.org/@firebase%2fapp-compat set size:undefined disposed:false
229 silly fetch manifest @firebase/data-connect@0.3.12
230 silly packumentCache full:https://registry.npmjs.org/@firebase%2fdata-connect cache-miss
231 http fetch GET 200 https://registry.npmjs.org/@firebase%2fauth-compat 145ms (cache miss)
232 silly packumentCache full:https://registry.npmjs.org/@firebase%2fauth-compat set size:undefined disposed:false
233 silly fetch manifest @firebase/installations@0.6.19
234 silly packumentCache full:https://registry.npmjs.org/@firebase%2finstallations cache-miss
235 http fetch GET 200 https://registry.npmjs.org/@firebase%2fapp 602ms (cache miss)
236 silly packumentCache full:https://registry.npmjs.org/@firebase%2fapp set size:undefined disposed:false
237 silly fetch manifest @firebase/remote-config@0.7.0
238 silly packumentCache full:https://registry.npmjs.org/@firebase%2fremote-config cache-miss
239 http fetch GET 200 https://registry.npmjs.org/@firebase%2fdata-connect 102ms (cache miss)
240 silly packumentCache full:https://registry.npmjs.org/@firebase%2fdata-connect set size:undefined disposed:false
241 silly fetch manifest @firebase/storage-compat@0.4.0
242 silly packumentCache full:https://registry.npmjs.org/@firebase%2fstorage-compat cache-miss
243 http fetch GET 200 https://registry.npmjs.org/@firebase%2fmessaging 399ms (cache miss)
244 silly packumentCache full:https://registry.npmjs.org/@firebase%2fmessaging set size:undefined disposed:false
245 silly fetch manifest @firebase/database-compat@2.1.0
246 silly packumentCache full:https://registry.npmjs.org/@firebase%2fdatabase-compat cache-miss
247 http fetch GET 200 https://registry.npmjs.org/@firebase%2fdatabase 701ms (cache miss)
248 silly packumentCache full:https://registry.npmjs.org/@firebase%2fdatabase set size:undefined disposed:false
249 silly fetch manifest @firebase/analytics-compat@0.2.25
250 silly packumentCache full:https://registry.npmjs.org/@firebase%2fanalytics-compat cache-miss
251 http fetch GET 200 https://registry.npmjs.org/@firebase%2ffirestore 736ms (cache miss)
252 silly packumentCache full:https://registry.npmjs.org/@firebase%2ffirestore set size:undefined disposed:false
253 silly fetch manifest @firebase/app-check-compat@0.4.0
254 silly packumentCache full:https://registry.npmjs.org/@firebase%2fapp-check-compat cache-miss
255 http fetch GET 200 https://registry.npmjs.org/@firebase%2fstorage 839ms (cache miss)
256 silly packumentCache full:https://registry.npmjs.org/@firebase%2fstorage set size:undefined disposed:false
257 silly fetch manifest @firebase/firestore-compat@0.4.2
258 silly packumentCache full:https://registry.npmjs.org/@firebase%2ffirestore-compat cache-miss
259 http fetch GET 200 https://registry.npmjs.org/@firebase%2fdatabase-compat 215ms (cache miss)
260 silly packumentCache full:https://registry.npmjs.org/@firebase%2fdatabase-compat set size:undefined disposed:false
261 silly fetch manifest @firebase/functions-compat@0.4.1
262 silly packumentCache full:https://registry.npmjs.org/@firebase%2ffunctions-compat cache-miss
263 http fetch GET 200 https://registry.npmjs.org/@firebase%2finstallations 365ms (cache miss)
264 silly packumentCache full:https://registry.npmjs.org/@firebase%2finstallations set size:undefined disposed:false
265 silly fetch manifest @firebase/messaging-compat@0.2.23
266 silly packumentCache full:https://registry.npmjs.org/@firebase%2fmessaging-compat cache-miss
267 http fetch GET 200 https://registry.npmjs.org/@firebase%2fanalytics 949ms (cache miss)
268 silly packumentCache full:https://registry.npmjs.org/@firebase%2fanalytics set size:undefined disposed:false
269 silly fetch manifest @firebase/performance-compat@0.2.22
270 silly packumentCache full:https://registry.npmjs.org/@firebase%2fperformance-compat cache-miss
271 http fetch GET 200 https://registry.npmjs.org/@firebase%2ffunctions 919ms (cache miss)
272 silly packumentCache full:https://registry.npmjs.org/@firebase%2ffunctions set size:undefined disposed:false
273 silly fetch manifest @firebase/installations-compat@0.2.19
274 silly packumentCache full:https://registry.npmjs.org/@firebase%2finstallations-compat cache-miss
275 http fetch GET 200 https://registry.npmjs.org/@firebase%2fremote-config 424ms (cache miss)
276 silly packumentCache full:https://registry.npmjs.org/@firebase%2fremote-config set size:undefined disposed:false
277 silly fetch manifest @firebase/remote-config-compat@0.2.20
278 silly packumentCache full:https://registry.npmjs.org/@firebase%2fremote-config-compat cache-miss
279 http fetch GET 200 https://registry.npmjs.org/@firebase%2fanalytics-compat 333ms (cache miss)
280 silly packumentCache full:https://registry.npmjs.org/@firebase%2fanalytics-compat set size:undefined disposed:false
281 http fetch GET 200 https://registry.npmjs.org/@firebase%2fapp-check-compat 294ms (cache miss)
282 silly packumentCache full:https://registry.npmjs.org/@firebase%2fapp-check-compat set size:undefined disposed:false
283 http fetch GET 200 https://registry.npmjs.org/@firebase%2fperformance 689ms (cache miss)
284 silly packumentCache full:https://registry.npmjs.org/@firebase%2fperformance set size:undefined disposed:false
285 http fetch GET 200 https://registry.npmjs.org/@firebase%2fmessaging-compat 222ms (cache miss)
286 silly packumentCache full:https://registry.npmjs.org/@firebase%2fmessaging-compat set size:undefined disposed:false
287 http fetch GET 200 https://registry.npmjs.org/@firebase%2ffirestore-compat 306ms (cache miss)
288 silly packumentCache full:https://registry.npmjs.org/@firebase%2ffirestore-compat set size:undefined disposed:false
289 http fetch GET 200 https://registry.npmjs.org/@firebase%2fstorage-compat 552ms (cache miss)
290 silly packumentCache full:https://registry.npmjs.org/@firebase%2fstorage-compat set size:undefined disposed:false
291 http fetch GET 200 https://registry.npmjs.org/@firebase%2fperformance-compat 235ms (cache miss)
292 silly packumentCache full:https://registry.npmjs.org/@firebase%2fperformance-compat set size:undefined disposed:false
293 http fetch GET 200 https://registry.npmjs.org/@firebase%2ffunctions-compat 328ms (cache miss)
294 silly packumentCache full:https://registry.npmjs.org/@firebase%2ffunctions-compat set size:undefined disposed:false
295 http fetch GET 200 https://registry.npmjs.org/@firebase%2finstallations-compat 223ms (cache miss)
296 silly packumentCache full:https://registry.npmjs.org/@firebase%2finstallations-compat set size:undefined disposed:false
297 http fetch GET 200 https://registry.npmjs.org/@firebase%2fremote-config-compat 197ms (cache miss)
298 silly packumentCache full:https://registry.npmjs.org/@firebase%2fremote-config-compat set size:undefined disposed:false
299 silly placeDep ROOT merge-options@3.0.4 OK for: @react-native-async-storage/async-storage@2.2.0 want: ^3.0.4
300 silly fetch manifest is-plain-obj@^2.1.0
301 silly packumentCache full:https://registry.npmjs.org/is-plain-obj cache-miss
302 http fetch GET 200 https://registry.npmjs.org/is-plain-obj 39ms (cache miss)
303 silly packumentCache full:https://registry.npmjs.org/is-plain-obj set size:undefined disposed:false
304 silly fetch manifest @react-native-masked-view/masked-view@>= 0.2.0
305 silly packumentCache full:https://registry.npmjs.org/@react-native-masked-view%2fmasked-view cache-miss
306 http fetch GET 200 https://registry.npmjs.org/@react-native-masked-view%2fmasked-view 91ms (cache miss)
307 silly packumentCache full:https://registry.npmjs.org/@react-native-masked-view%2fmasked-view set size:undefined disposed:false
308 silly fetch manifest react@>= 18.2.0
309 silly packumentCache full:https://registry.npmjs.org/react cache-miss
310 http cache https://registry.npmjs.org/react 10ms (cache hit)
311 silly packumentCache full:https://registry.npmjs.org/react set size:6260175 disposed:false
312 silly fetch manifest react-native@*
313 silly packumentCache full:https://registry.npmjs.org/react-native cache-miss
314 http cache https://registry.npmjs.org/react-native 18ms (cache hit)
315 silly packumentCache full:https://registry.npmjs.org/react-native set size:14375568 disposed:false
316 silly fetch manifest @types/react@^19.1.1
317 silly packumentCache full:https://registry.npmjs.org/@types%2freact cache-miss
318 http cache https://registry.npmjs.org/@types%2freact 7ms (cache hit)
319 silly packumentCache full:https://registry.npmjs.org/@types%2freact set size:2515797 disposed:false
320 silly fetch manifest @react-navigation/native@^7.1.19
321 silly packumentCache full:https://registry.npmjs.org/@react-navigation%2fnative cache-miss
322 http cache https://registry.npmjs.org/@react-navigation%2fnative 2ms (cache hit)
323 silly packumentCache full:https://registry.npmjs.org/@react-navigation%2fnative set size:959490 disposed:false
324 silly fetch manifest react-native-safe-area-context@>= 4.0.0
325 silly packumentCache full:https://registry.npmjs.org/react-native-safe-area-context cache-miss
326 http cache https://registry.npmjs.org/react-native-safe-area-context 1ms (cache hit)
327 silly packumentCache full:https://registry.npmjs.org/react-native-safe-area-context set size:657519 disposed:false
328 silly placeDep ROOT @react-navigation/elements@2.8.1 OK for: @react-navigation/bottom-tabs@7.8.4 want: ^2.8.1
329 silly placeDep ROOT color@4.2.3 OK for: @react-navigation/bottom-tabs@7.8.4 want: ^4.2.3
330 silly placeDep ROOT sf-symbols-typescript@2.1.0 OK for: @react-navigation/bottom-tabs@7.8.4 want: ^2.1.0
331 silly fetch manifest use-sync-external-store@^1.5.0
332 silly packumentCache full:https://registry.npmjs.org/use-sync-external-store cache-miss
333 silly fetch manifest color-string@^1.9.0
334 silly packumentCache full:https://registry.npmjs.org/color-string cache-miss
335 silly fetch manifest color-convert@^2.0.1
336 silly packumentCache full:https://registry.npmjs.org/color-convert cache-miss
337 http fetch GET 200 https://registry.npmjs.org/color-string 35ms (cache miss)
338 silly packumentCache full:https://registry.npmjs.org/color-string set size:undefined disposed:false
339 http fetch GET 200 https://registry.npmjs.org/color-convert 62ms (cache miss)
340 silly packumentCache full:https://registry.npmjs.org/color-convert set size:undefined disposed:false
341 http fetch GET 200 https://registry.npmjs.org/use-sync-external-store 164ms (cache miss)
342 silly packumentCache full:https://registry.npmjs.org/use-sync-external-store set size:undefined disposed:false
343 silly placeDep ROOT use-latest-callback@0.2.6 OK for: @react-navigation/elements@2.8.1 want: ^0.2.4
344 silly placeDep ROOT use-sync-external-store@1.6.0 OK for: @react-navigation/elements@2.8.1 want: ^1.5.0
345 silly placeDep ROOT @react-navigation/core@7.13.0 OK for: @react-navigation/native@7.1.19 want: ^7.13.0
346 silly placeDep node_modules/@react-navigation/native escape-string-regexp@4.0.0 OK for: @react-navigation/native@7.1.19 want: ^4.0.0
347 silly fetch manifest @react-navigation/routers@^7.5.1
348 silly packumentCache full:https://registry.npmjs.org/@react-navigation%2frouters cache-miss
349 silly fetch manifest query-string@^7.1.3
350 silly packumentCache full:https://registry.npmjs.org/query-string cache-miss
351 silly fetch manifest react-is@^19.1.0
352 silly packumentCache full:https://registry.npmjs.org/react-is cache-miss
353 http fetch GET 200 https://registry.npmjs.org/@react-navigation%2frouters 68ms (cache miss)
354 silly packumentCache full:https://registry.npmjs.org/@react-navigation%2frouters set size:undefined disposed:false
355 http fetch GET 200 https://registry.npmjs.org/query-string 95ms (cache miss)
356 silly packumentCache full:https://registry.npmjs.org/query-string set size:undefined disposed:false
357 http fetch GET 200 https://registry.npmjs.org/react-is 118ms (cache miss)
358 silly packumentCache full:https://registry.npmjs.org/react-is set size:undefined disposed:false
359 silly placeDep ROOT @react-navigation/routers@7.5.1 OK for: @react-navigation/core@7.13.0 want: ^7.5.1
360 silly placeDep node_modules/@react-navigation/core escape-string-regexp@4.0.0 OK for: @react-navigation/core@7.13.0 want: ^4.0.0
361 silly placeDep ROOT query-string@7.1.3 OK for: @react-navigation/core@7.13.0 want: ^7.1.3
362 silly placeDep node_modules/@react-navigation/core react-is@19.2.0 OK for: @react-navigation/core@7.13.0 want: ^19.1.0
363 silly fetch manifest filter-obj@^1.1.0
364 silly packumentCache full:https://registry.npmjs.org/filter-obj cache-miss
365 silly fetch manifest split-on-first@^1.0.0
366 silly packumentCache full:https://registry.npmjs.org/split-on-first cache-miss
367 silly fetch manifest strict-uri-encode@^2.0.0
368 silly packumentCache full:https://registry.npmjs.org/strict-uri-encode cache-miss
369 silly fetch manifest decode-uri-component@^0.2.2
370 silly packumentCache full:https://registry.npmjs.org/decode-uri-component cache-miss
371 http fetch GET 200 https://registry.npmjs.org/decode-uri-component 29ms (cache miss)
372 silly packumentCache full:https://registry.npmjs.org/decode-uri-component set size:undefined disposed:false
373 http fetch GET 200 https://registry.npmjs.org/split-on-first 29ms (cache miss)
374 silly packumentCache full:https://registry.npmjs.org/split-on-first set size:undefined disposed:false
375 http fetch GET 200 https://registry.npmjs.org/strict-uri-encode 31ms (cache miss)
376 silly packumentCache full:https://registry.npmjs.org/strict-uri-encode set size:undefined disposed:false
377 http fetch GET 200 https://registry.npmjs.org/filter-obj 44ms (cache miss)
378 silly packumentCache full:https://registry.npmjs.org/filter-obj set size:undefined disposed:false
379 silly placeDep ROOT warn-once@0.1.1 OK for: @react-navigation/native-stack@7.6.2 want: ^0.1.1
380 silly placeDep ROOT follow-redirects@1.15.11 OK for: axios@1.13.2 want: ^1.15.6
381 silly placeDep ROOT form-data@4.0.4 OK for: axios@1.13.2 want: ^4.0.4
382 silly placeDep ROOT proxy-from-env@1.1.0 OK for: axios@1.13.2 want: ^1.1.0
383 silly fetch manifest asynckit@^0.4.0
384 silly packumentCache full:https://registry.npmjs.org/asynckit cache-miss
385 silly fetch manifest combined-stream@^1.0.8
386 silly packumentCache full:https://registry.npmjs.org/combined-stream cache-miss
387 http fetch GET 200 https://registry.npmjs.org/asynckit 37ms (cache miss)
388 silly packumentCache full:https://registry.npmjs.org/asynckit set size:undefined disposed:false
389 http fetch GET 200 https://registry.npmjs.org/combined-stream 37ms (cache miss)
390 silly packumentCache full:https://registry.npmjs.org/combined-stream set size:undefined disposed:false
391 silly placeDep node_modules/color color-convert@2.0.1 OK for: color@4.2.3 want: ^2.0.1
392 silly placeDep ROOT color-string@1.9.1 OK for: color@4.2.3 want: ^1.9.0
393 silly fetch manifest color-name@~1.1.4
394 silly packumentCache full:https://registry.npmjs.org/color-name cache-miss
395 silly fetch manifest simple-swizzle@^0.2.2
396 silly packumentCache full:https://registry.npmjs.org/simple-swizzle cache-miss
397 http fetch GET 200 https://registry.npmjs.org/color-name 37ms (cache miss)
398 silly packumentCache full:https://registry.npmjs.org/color-name set size:undefined disposed:false
399 http fetch GET 200 https://registry.npmjs.org/simple-swizzle 38ms (cache miss)
400 silly packumentCache full:https://registry.npmjs.org/simple-swizzle set size:undefined disposed:false
401 silly placeDep ROOT simple-swizzle@0.2.4 OK for: color-string@1.9.1 want: ^0.2.2
402 silly fetch manifest is-arrayish@^0.3.1
403 silly packumentCache full:https://registry.npmjs.org/is-arrayish cache-miss
404 http fetch GET 200 https://registry.npmjs.org/is-arrayish 37ms (cache miss)
405 silly packumentCache full:https://registry.npmjs.org/is-arrayish set size:undefined disposed:false
406 silly fetch manifest @react-native-async-storage/async-storage@^1.18.1
407 silly packumentCache full:https://registry.npmjs.org/@react-native-async-storage%2fasync-storage cache-miss
408 http cache https://registry.npmjs.org/@react-native-async-storage%2fasync-storage 2ms (cache hit)
409 silly packumentCache full:https://registry.npmjs.org/@react-native-async-storage%2fasync-storage set size:389782 disposed:false
410 silly fetch manifest react-native@^0.0.0-0 || >=0.60 <1.0
411 silly packumentCache full:https://registry.npmjs.org/react-native cache-miss
412 http cache https://registry.npmjs.org/react-native 17ms (cache hit)
413 silly packumentCache full:https://registry.npmjs.org/react-native set size:14375568 disposed:false
414 silly fetch manifest react@^19.1.1
415 silly packumentCache full:https://registry.npmjs.org/react cache-miss
416 http cache https://registry.npmjs.org/react 7ms (cache hit)
417 silly packumentCache full:https://registry.npmjs.org/react set size:6260175 disposed:false
418 silly placeDep ROOT @firebase/ai@2.6.0 OK for: firebase@12.6.0 want: 2.6.0
419 silly placeDep ROOT @firebase/app@0.14.6 OK for: @firebase/ai@2.6.0 want: 0.x
420 silly placeDep ROOT @firebase/app-types@0.9.3 OK for: @firebase/ai@2.6.0 want: 0.x
421 silly placeDep ROOT @firebase/analytics@0.10.19 OK for: firebase@12.6.0 want: 0.10.19
422 silly placeDep ROOT @firebase/analytics-compat@0.2.25 OK for: firebase@12.6.0 want: 0.2.25
423 silly placeDep ROOT @firebase/app-compat@0.5.6 OK for: @firebase/analytics-compat@0.2.25 want: 0.x
424 silly placeDep ROOT @firebase/app-check@0.11.0 OK for: firebase@12.6.0 want: 0.11.0
425 silly placeDep ROOT @firebase/app-check-compat@0.4.0 OK for: firebase@12.6.0 want: 0.4.0
426 silly placeDep ROOT @firebase/auth@1.11.1 OK for: firebase@12.6.0 want: 1.11.1
427 silly placeDep ROOT @react-native-async-storage/async-storage@1.24.0 REPLACE for: @firebase/auth@1.11.1 want: ^1.18.1
428 silly placeDep ROOT @firebase/auth-compat@0.6.1 OK for: firebase@12.6.0 want: 0.6.1
429 silly placeDep ROOT @firebase/data-connect@0.3.12 OK for: firebase@12.6.0 want: 0.3.12
430 silly placeDep ROOT @firebase/database@1.1.0 OK for: firebase@12.6.0 want: 1.1.0
431 silly placeDep ROOT @firebase/database-compat@2.1.0 OK for: firebase@12.6.0 want: 2.1.0
432 silly placeDep ROOT @firebase/firestore@4.9.2 OK for: firebase@12.6.0 want: 4.9.2
433 silly placeDep ROOT @firebase/firestore-compat@0.4.2 OK for: firebase@12.6.0 want: 0.4.2
434 silly placeDep ROOT @firebase/functions@0.13.1 OK for: firebase@12.6.0 want: 0.13.1
435 silly placeDep ROOT @firebase/functions-compat@0.4.1 OK for: firebase@12.6.0 want: 0.4.1
436 silly placeDep ROOT @firebase/installations@0.6.19 OK for: firebase@12.6.0 want: 0.6.19
437 silly placeDep ROOT @firebase/installations-compat@0.2.19 OK for: firebase@12.6.0 want: 0.2.19
438 silly placeDep ROOT @firebase/messaging@0.12.23 OK for: firebase@12.6.0 want: 0.12.23
439 silly placeDep ROOT @firebase/messaging-compat@0.2.23 OK for: firebase@12.6.0 want: 0.2.23
440 silly placeDep ROOT @firebase/performance@0.7.9 OK for: firebase@12.6.0 want: 0.7.9
441 silly placeDep ROOT @firebase/performance-compat@0.2.22 OK for: firebase@12.6.0 want: 0.2.22
442 silly placeDep ROOT @firebase/remote-config@0.7.0 OK for: firebase@12.6.0 want: 0.7.0
443 silly placeDep ROOT @firebase/remote-config-compat@0.2.20 OK for: firebase@12.6.0 want: 0.2.20
444 silly placeDep ROOT @firebase/storage@0.14.0 OK for: firebase@12.6.0 want: 0.14.0
445 silly placeDep ROOT @firebase/storage-compat@0.4.0 OK for: firebase@12.6.0 want: 0.4.0
446 silly placeDep ROOT @firebase/util@1.13.0 OK for: firebase@12.6.0 want: 1.13.0
447 silly fetch manifest tslib@^2.1.0
448 silly packumentCache full:https://registry.npmjs.org/tslib cache-miss
449 silly fetch manifest @firebase/logger@0.5.0
450 silly packumentCache full:https://registry.npmjs.org/@firebase%2flogger cache-miss
451 silly fetch manifest @firebase/component@0.7.0
452 silly packumentCache full:https://registry.npmjs.org/@firebase%2fcomponent cache-miss
453 silly fetch manifest @firebase/app-check-interop-types@0.3.3
454 silly packumentCache full:https://registry.npmjs.org/@firebase%2fapp-check-interop-types cache-miss
455 silly fetch manifest idb@7.1.1
456 silly packumentCache full:https://registry.npmjs.org/idb cache-miss
457 silly fetch manifest tslib@^2.1.0
458 silly packumentCache full:https://registry.npmjs.org/tslib cache-miss
459 silly fetch manifest @firebase/logger@0.5.0
460 silly packumentCache full:https://registry.npmjs.org/@firebase%2flogger cache-miss
461 silly fetch manifest @firebase/component@0.7.0
462 silly packumentCache full:https://registry.npmjs.org/@firebase%2fcomponent cache-miss
463 silly fetch manifest tslib@^2.1.0
464 silly packumentCache full:https://registry.npmjs.org/tslib cache-miss
465 silly fetch manifest @firebase/logger@0.5.0
466 silly packumentCache full:https://registry.npmjs.org/@firebase%2flogger cache-miss
467 http fetch GET 200 https://registry.npmjs.org/tslib 24ms (cache miss)
468 silly packumentCache full:https://registry.npmjs.org/tslib set size:undefined disposed:false
469 silly fetch manifest @firebase/component@0.7.0
470 silly packumentCache full:https://registry.npmjs.org/@firebase%2fcomponent cache-miss
471 http fetch GET 200 https://registry.npmjs.org/idb 33ms (cache miss)
472 silly packumentCache full:https://registry.npmjs.org/idb set size:undefined disposed:false
473 silly fetch manifest @firebase/component@0.7.0
474 silly packumentCache full:https://registry.npmjs.org/@firebase%2fcomponent cache-miss
475 http fetch GET 200 https://registry.npmjs.org/tslib 38ms (cache miss)
476 silly packumentCache full:https://registry.npmjs.org/tslib set size:undefined disposed:false
477 silly fetch manifest @firebase/analytics-types@0.8.3
478 silly packumentCache full:https://registry.npmjs.org/@firebase%2fanalytics-types cache-miss
479 http fetch GET 200 https://registry.npmjs.org/tslib 48ms (cache miss)
480 silly packumentCache full:https://registry.npmjs.org/tslib set size:undefined disposed:false
481 silly fetch manifest @firebase/logger@0.5.0
482 silly packumentCache full:https://registry.npmjs.org/@firebase%2flogger cache-miss
483 http fetch GET 200 https://registry.npmjs.org/@firebase%2fapp-check-interop-types 149ms (cache miss)
484 silly packumentCache full:https://registry.npmjs.org/@firebase%2fapp-check-interop-types set size:undefined disposed:false
485 silly fetch manifest @firebase/component@0.7.0
486 silly packumentCache full:https://registry.npmjs.org/@firebase%2fcomponent cache-miss
487 http fetch GET 200 https://registry.npmjs.org/@firebase%2fcomponent 201ms (cache miss)
488 silly packumentCache full:https://registry.npmjs.org/@firebase%2fcomponent set size:undefined disposed:false
489 silly fetch manifest @firebase/logger@0.5.0
490 silly packumentCache full:https://registry.npmjs.org/@firebase%2flogger cache-miss
491 http fetch GET 200 https://registry.npmjs.org/@firebase%2flogger 285ms (cache miss)
492 silly packumentCache full:https://registry.npmjs.org/@firebase%2flogger set size:undefined disposed:false
493 silly fetch manifest @firebase/app-check-types@0.5.3
494 silly packumentCache full:https://registry.npmjs.org/@firebase%2fapp-check-types cache-miss
495 http fetch GET 200 https://registry.npmjs.org/@firebase%2fcomponent 422ms (cache miss)
496 silly packumentCache full:https://registry.npmjs.org/@firebase%2fcomponent set size:undefined disposed:false
497 silly fetch manifest @firebase/auth-types@0.13.0
498 silly packumentCache full:https://registry.npmjs.org/@firebase%2fauth-types cache-miss
499 http fetch GET 200 https://registry.npmjs.org/@firebase%2fcomponent 461ms (cache miss)
500 silly packumentCache full:https://registry.npmjs.org/@firebase%2fcomponent set size:undefined disposed:false
501 silly fetch manifest @firebase/auth-interop-types@0.2.4
502 silly packumentCache full:https://registry.npmjs.org/@firebase%2fauth-interop-types cache-miss
503 http fetch GET 200 https://registry.npmjs.org/@firebase%2fcomponent 456ms (cache miss)
504 silly packumentCache full:https://registry.npmjs.org/@firebase%2fcomponent set size:undefined disposed:false
505 silly fetch manifest faye-websocket@0.11.4
506 silly packumentCache full:https://registry.npmjs.org/faye-websocket cache-miss
507 http fetch GET 200 https://registry.npmjs.org/@firebase%2fcomponent 357ms (cache miss)
508 silly packumentCache full:https://registry.npmjs.org/@firebase%2fcomponent set size:undefined disposed:false
509 silly fetch manifest @firebase/auth-interop-types@0.2.4
510 silly packumentCache full:https://registry.npmjs.org/@firebase%2fauth-interop-types cache-miss
511 http fetch GET 200 https://registry.npmjs.org/@firebase%2fapp-check-types 232ms (cache miss)
512 silly packumentCache full:https://registry.npmjs.org/@firebase%2fapp-check-types set size:undefined disposed:false
513 silly fetch manifest @firebase/database-types@1.0.16
514 silly packumentCache full:https://registry.npmjs.org/@firebase%2fdatabase-types cache-miss
515 http fetch GET 200 https://registry.npmjs.org/faye-websocket 43ms (cache miss)
516 silly packumentCache full:https://registry.npmjs.org/faye-websocket set size:undefined disposed:false
517 silly fetch manifest @grpc/grpc-js@~1.9.0
518 silly packumentCache full:https://registry.npmjs.org/@grpc%2fgrpc-js cache-miss
519 http fetch GET 200 https://registry.npmjs.org/@firebase%2flogger 555ms (cache miss)
520 silly packumentCache full:https://registry.npmjs.org/@firebase%2flogger set size:undefined disposed:false
521 silly fetch manifest @grpc/proto-loader@^0.7.8
522 silly packumentCache full:https://registry.npmjs.org/@grpc%2fproto-loader cache-miss
523 http fetch GET 200 https://registry.npmjs.org/@firebase%2flogger 581ms (cache miss)
524 silly packumentCache full:https://registry.npmjs.org/@firebase%2flogger set size:undefined disposed:false
525 silly fetch manifest @firebase/webchannel-wrapper@1.0.5
526 silly packumentCache full:https://registry.npmjs.org/@firebase%2fwebchannel-wrapper cache-miss
527 http fetch GET 200 https://registry.npmjs.org/@grpc%2fproto-loader 48ms (cache miss)
528 silly packumentCache full:https://registry.npmjs.org/@grpc%2fproto-loader set size:undefined disposed:false
529 silly fetch manifest @firebase/firestore-types@3.0.3
530 silly packumentCache full:https://registry.npmjs.org/@firebase%2ffirestore-types cache-miss
531 http fetch GET 200 https://registry.npmjs.org/@grpc%2fgrpc-js 82ms (cache miss)
532 silly packumentCache full:https://registry.npmjs.org/@grpc%2fgrpc-js set size:undefined disposed:false
533 silly fetch manifest @firebase/auth-interop-types@0.2.4
534 silly packumentCache full:https://registry.npmjs.org/@firebase%2fauth-interop-types cache-miss
535 http fetch GET 200 https://registry.npmjs.org/@firebase%2fanalytics-types 605ms (cache miss)
536 silly packumentCache full:https://registry.npmjs.org/@firebase%2fanalytics-types set size:undefined disposed:false
537 silly fetch manifest @firebase/messaging-interop-types@0.2.3
538 silly packumentCache full:https://registry.npmjs.org/@firebase%2fmessaging-interop-types cache-miss
539 http fetch GET 200 https://registry.npmjs.org/@firebase%2flogger 417ms (cache miss)
540 silly packumentCache full:https://registry.npmjs.org/@firebase%2flogger set size:undefined disposed:false
541 silly fetch manifest @firebase/functions-types@0.6.3
542 silly packumentCache full:https://registry.npmjs.org/@firebase%2ffunctions-types cache-miss
543 http fetch GET 200 https://registry.npmjs.org/@firebase%2flogger 756ms (cache miss)
544 silly packumentCache full:https://registry.npmjs.org/@firebase%2flogger set size:undefined disposed:false
545 silly fetch manifest @firebase/installations-types@0.5.3
546 silly packumentCache full:https://registry.npmjs.org/@firebase%2finstallations-types cache-miss
547 http fetch GET 200 https://registry.npmjs.org/@firebase%2fauth-interop-types 358ms (cache miss)
548 silly packumentCache full:https://registry.npmjs.org/@firebase%2fauth-interop-types set size:undefined disposed:false
549 silly fetch manifest @firebase/messaging-interop-types@0.2.3
550 silly packumentCache full:https://registry.npmjs.org/@firebase%2fmessaging-interop-types cache-miss
551 http fetch GET 200 https://registry.npmjs.org/@firebase%2fmessaging-interop-types 270ms (cache miss)
552 silly packumentCache full:https://registry.npmjs.org/@firebase%2fmessaging-interop-types set size:undefined disposed:false
553 silly fetch manifest web-vitals@^4.2.4
554 silly packumentCache full:https://registry.npmjs.org/web-vitals cache-miss
555 http fetch GET 200 https://registry.npmjs.org/@firebase%2fwebchannel-wrapper 333ms (cache miss)
556 silly packumentCache full:https://registry.npmjs.org/@firebase%2fwebchannel-wrapper set size:undefined disposed:false
557 silly fetch manifest @firebase/performance-types@0.2.3
558 silly packumentCache full:https://registry.npmjs.org/@firebase%2fperformance-types cache-miss
559 http fetch GET 200 https://registry.npmjs.org/web-vitals 42ms (cache miss)
560 silly packumentCache full:https://registry.npmjs.org/web-vitals set size:undefined disposed:false
561 silly fetch manifest @firebase/remote-config-types@0.5.0
562 silly packumentCache full:https://registry.npmjs.org/@firebase%2fremote-config-types cache-miss
563 http fetch GET 200 https://registry.npmjs.org/@firebase%2ffirestore-types 352ms (cache miss)
564 silly packumentCache full:https://registry.npmjs.org/@firebase%2ffirestore-types set size:undefined disposed:false
565 silly fetch manifest @firebase/storage-types@0.8.3
566 silly packumentCache full:https://registry.npmjs.org/@firebase%2fstorage-types cache-miss
567 http fetch GET 200 https://registry.npmjs.org/@firebase%2fauth-types 572ms (cache miss)
568 silly packumentCache full:https://registry.npmjs.org/@firebase%2fauth-types set size:undefined disposed:false
569 http fetch GET 200 https://registry.npmjs.org/@firebase%2fauth-interop-types 558ms (cache miss)
570 silly packumentCache full:https://registry.npmjs.org/@firebase%2fauth-interop-types set size:undefined disposed:false
571 http fetch GET 200 https://registry.npmjs.org/@firebase%2fauth-interop-types 437ms (cache miss)
572 silly packumentCache full:https://registry.npmjs.org/@firebase%2fauth-interop-types set size:undefined disposed:false
573 http fetch GET 200 https://registry.npmjs.org/@firebase%2fmessaging-interop-types 179ms (cache miss)
574 silly packumentCache full:https://registry.npmjs.org/@firebase%2fmessaging-interop-types set size:undefined disposed:false
575 http fetch GET 200 https://registry.npmjs.org/@firebase%2ffunctions-types 407ms (cache miss)
576 silly packumentCache full:https://registry.npmjs.org/@firebase%2ffunctions-types set size:undefined disposed:false
577 http fetch GET 200 https://registry.npmjs.org/@firebase%2fdatabase-types 589ms (cache miss)
578 silly packumentCache full:https://registry.npmjs.org/@firebase%2fdatabase-types set size:undefined disposed:false
579 http fetch GET 200 https://registry.npmjs.org/@firebase%2fperformance-types 201ms (cache miss)
580 silly packumentCache full:https://registry.npmjs.org/@firebase%2fperformance-types set size:undefined disposed:false
581 http fetch GET 200 https://registry.npmjs.org/@firebase%2fstorage-types 213ms (cache miss)
582 silly packumentCache full:https://registry.npmjs.org/@firebase%2fstorage-types set size:undefined disposed:false
583 http fetch GET 200 https://registry.npmjs.org/@firebase%2finstallations-types 547ms (cache miss)
584 silly packumentCache full:https://registry.npmjs.org/@firebase%2finstallations-types set size:undefined disposed:false
585 http fetch GET 200 https://registry.npmjs.org/@firebase%2fremote-config-types 515ms (cache miss)
586 silly packumentCache full:https://registry.npmjs.org/@firebase%2fremote-config-types set size:undefined disposed:false
587 silly placeDep ROOT @firebase/app-check-interop-types@0.3.3 OK for: @firebase/ai@2.6.0 want: 0.3.3
588 silly placeDep ROOT @firebase/component@0.7.0 OK for: @firebase/ai@2.6.0 want: 0.7.0
589 silly placeDep ROOT @firebase/logger@0.5.0 OK for: @firebase/ai@2.6.0 want: 0.5.0
590 silly placeDep ROOT tslib@2.8.1 OK for: @firebase/ai@2.6.0 want: ^2.1.0
591 silly placeDep ROOT @firebase/analytics-types@0.8.3 OK for: @firebase/analytics-compat@0.2.25 want: 0.8.3
592 silly placeDep ROOT idb@7.1.1 OK for: @firebase/app@0.14.6 want: 7.1.1
593 silly placeDep ROOT @firebase/app-check-types@0.5.3 OK for: @firebase/app-check-compat@0.4.0 want: 0.5.3
594 silly fetch manifest @firebase/app-types@0.x
595 silly packumentCache full:https://registry.npmjs.org/@firebase%2fapp-types cache-miss
596 http cache https://registry.npmjs.org/@firebase%2fapp-types 11ms (cache hit)
597 silly packumentCache full:https://registry.npmjs.org/@firebase%2fapp-types set size:8458848 disposed:false
598 silly placeDep ROOT @firebase/auth-types@0.13.0 OK for: @firebase/auth-compat@0.6.1 want: 0.13.0
599 silly placeDep ROOT @firebase/auth-interop-types@0.2.4 OK for: @firebase/data-connect@0.3.12 want: 0.2.4
600 silly placeDep ROOT faye-websocket@0.11.4 OK for: @firebase/database@1.1.0 want: 0.11.4
601 silly fetch manifest websocket-driver@>=0.5.1
602 silly packumentCache full:https://registry.npmjs.org/websocket-driver cache-miss
603 http fetch GET 200 https://registry.npmjs.org/websocket-driver 28ms (cache miss)
604 silly packumentCache full:https://registry.npmjs.org/websocket-driver set size:undefined disposed:false
605 silly placeDep ROOT @firebase/database-types@1.0.16 OK for: @firebase/database-compat@2.1.0 want: 1.0.16
606 silly placeDep ROOT @firebase/webchannel-wrapper@1.0.5 OK for: @firebase/firestore@4.9.2 want: 1.0.5
607 silly placeDep ROOT @grpc/grpc-js@1.9.15 OK for: @firebase/firestore@4.9.2 want: ~1.9.0
608 silly placeDep ROOT @grpc/proto-loader@0.7.15 OK for: @firebase/firestore@4.9.2 want: ^0.7.8
609 silly fetch manifest long@^5.0.0
610 silly packumentCache full:https://registry.npmjs.org/long cache-miss
611 silly fetch manifest protobufjs@^7.2.5
612 silly packumentCache full:https://registry.npmjs.org/protobufjs cache-miss
613 silly fetch manifest lodash.camelcase@^4.3.0
614 silly packumentCache full:https://registry.npmjs.org/lodash.camelcase cache-miss
615 http fetch GET 200 https://registry.npmjs.org/lodash.camelcase 28ms (cache miss)
616 silly packumentCache full:https://registry.npmjs.org/lodash.camelcase set size:undefined disposed:false
617 http fetch GET 200 https://registry.npmjs.org/long 31ms (cache miss)
618 silly packumentCache full:https://registry.npmjs.org/long set size:undefined disposed:false
619 http fetch GET 200 https://registry.npmjs.org/protobufjs 46ms (cache miss)
620 silly packumentCache full:https://registry.npmjs.org/protobufjs set size:undefined disposed:false
621 silly placeDep ROOT @firebase/firestore-types@3.0.3 OK for: @firebase/firestore-compat@0.4.2 want: 3.0.3
622 silly placeDep ROOT @firebase/messaging-interop-types@0.2.3 OK for: @firebase/functions@0.13.1 want: 0.2.3
623 silly placeDep ROOT @firebase/functions-types@0.6.3 OK for: @firebase/functions-compat@0.4.1 want: 0.6.3
624 silly placeDep ROOT @firebase/installations-types@0.5.3 OK for: @firebase/installations-compat@0.2.19 want: 0.5.3
625 silly placeDep ROOT web-vitals@4.2.4 OK for: @firebase/performance@0.7.9 want: ^4.2.4
626 silly placeDep ROOT @firebase/performance-types@0.2.3 OK for: @firebase/performance-compat@0.2.22 want: 0.2.3
627 silly placeDep ROOT @firebase/remote-config-types@0.5.0 OK for: @firebase/remote-config-compat@0.2.20 want: 0.5.0
628 silly placeDep ROOT @firebase/storage-types@0.8.3 OK for: @firebase/storage-compat@0.4.0 want: 0.8.3
629 silly placeDep ROOT lodash.camelcase@4.3.0 OK for: @grpc/proto-loader@0.7.15 want: ^4.3.0
630 silly placeDep ROOT long@5.3.2 OK for: @grpc/proto-loader@0.7.15 want: ^5.0.0
631 silly placeDep ROOT protobufjs@7.5.4 OK for: @grpc/proto-loader@0.7.15 want: ^7.2.5
632 silly fetch manifest @protobufjs/aspromise@^1.1.2
633 silly packumentCache full:https://registry.npmjs.org/@protobufjs%2faspromise cache-miss
634 silly fetch manifest @protobufjs/base64@^1.1.2
635 silly packumentCache full:https://registry.npmjs.org/@protobufjs%2fbase64 cache-miss
636 silly fetch manifest @protobufjs/codegen@^2.0.4
637 silly packumentCache full:https://registry.npmjs.org/@protobufjs%2fcodegen cache-miss
638 silly fetch manifest @protobufjs/eventemitter@^1.1.0
639 silly packumentCache full:https://registry.npmjs.org/@protobufjs%2feventemitter cache-miss
640 silly fetch manifest @protobufjs/fetch@^1.1.0
641 silly packumentCache full:https://registry.npmjs.org/@protobufjs%2ffetch cache-miss
642 silly fetch manifest @protobufjs/float@^1.0.2
643 silly packumentCache full:https://registry.npmjs.org/@protobufjs%2ffloat cache-miss
644 silly fetch manifest @protobufjs/inquire@^1.1.0
645 silly packumentCache full:https://registry.npmjs.org/@protobufjs%2finquire cache-miss
646 silly fetch manifest @protobufjs/path@^1.1.2
647 silly packumentCache full:https://registry.npmjs.org/@protobufjs%2fpath cache-miss
648 silly fetch manifest @protobufjs/pool@^1.1.0
649 silly packumentCache full:https://registry.npmjs.org/@protobufjs%2fpool cache-miss
650 silly fetch manifest @protobufjs/utf8@^1.1.0
651 silly packumentCache full:https://registry.npmjs.org/@protobufjs%2futf8 cache-miss
652 http fetch GET 200 https://registry.npmjs.org/@protobufjs%2finquire 40ms (cache miss)
653 silly packumentCache full:https://registry.npmjs.org/@protobufjs%2finquire set size:undefined disposed:false
654 http fetch GET 200 https://registry.npmjs.org/@protobufjs%2fbase64 41ms (cache miss)
655 silly packumentCache full:https://registry.npmjs.org/@protobufjs%2fbase64 set size:undefined disposed:false
656 http fetch GET 200 https://registry.npmjs.org/@protobufjs%2faspromise 41ms (cache miss)
657 silly packumentCache full:https://registry.npmjs.org/@protobufjs%2faspromise set size:undefined disposed:false
658 http fetch GET 200 https://registry.npmjs.org/@protobufjs%2ffloat 43ms (cache miss)
659 silly packumentCache full:https://registry.npmjs.org/@protobufjs%2ffloat set size:undefined disposed:false
660 http fetch GET 200 https://registry.npmjs.org/@protobufjs%2fpath 42ms (cache miss)
661 silly packumentCache full:https://registry.npmjs.org/@protobufjs%2fpath set size:undefined disposed:false
662 http fetch GET 200 https://registry.npmjs.org/@protobufjs%2fcodegen 48ms (cache miss)
663 silly packumentCache full:https://registry.npmjs.org/@protobufjs%2fcodegen set size:undefined disposed:false
664 http fetch GET 200 https://registry.npmjs.org/@protobufjs%2fpool 47ms (cache miss)
665 silly packumentCache full:https://registry.npmjs.org/@protobufjs%2fpool set size:undefined disposed:false
666 http fetch GET 200 https://registry.npmjs.org/@protobufjs%2feventemitter 53ms (cache miss)
667 silly packumentCache full:https://registry.npmjs.org/@protobufjs%2feventemitter set size:undefined disposed:false
668 http fetch GET 200 https://registry.npmjs.org/@protobufjs%2ffetch 53ms (cache miss)
669 silly packumentCache full:https://registry.npmjs.org/@protobufjs%2ffetch set size:undefined disposed:false
670 http fetch GET 200 https://registry.npmjs.org/@protobufjs%2futf8 54ms (cache miss)
671 silly packumentCache full:https://registry.npmjs.org/@protobufjs%2futf8 set size:undefined disposed:false
672 silly placeDep ROOT websocket-driver@0.7.4 OK for: faye-websocket@0.11.4 want: >=0.5.1
673 silly fetch manifest http-parser-js@>=0.5.1
674 silly packumentCache full:https://registry.npmjs.org/http-parser-js cache-miss
675 silly fetch manifest websocket-extensions@>=0.1.1
676 silly packumentCache full:https://registry.npmjs.org/websocket-extensions cache-miss
677 http fetch GET 200 https://registry.npmjs.org/websocket-extensions 28ms (cache miss)
678 silly packumentCache full:https://registry.npmjs.org/websocket-extensions set size:undefined disposed:false
679 http fetch GET 200 https://registry.npmjs.org/http-parser-js 29ms (cache miss)
680 silly packumentCache full:https://registry.npmjs.org/http-parser-js set size:undefined disposed:false
681 silly placeDep ROOT asynckit@0.4.0 OK for: form-data@4.0.4 want: ^0.4.0
682 silly placeDep ROOT combined-stream@1.0.8 OK for: form-data@4.0.4 want: ^1.0.8
683 silly fetch manifest delayed-stream@~1.0.0
684 silly packumentCache full:https://registry.npmjs.org/delayed-stream cache-miss
685 http fetch GET 200 https://registry.npmjs.org/delayed-stream 26ms (cache miss)
686 silly packumentCache full:https://registry.npmjs.org/delayed-stream set size:undefined disposed:false
687 silly placeDep ROOT delayed-stream@1.0.0 OK for: combined-stream@1.0.8 want: ~1.0.0
688 silly placeDep ROOT is-plain-obj@2.1.0 OK for: merge-options@3.0.4 want: ^2.1.0
689 silly placeDep ROOT @protobufjs/aspromise@1.1.2 OK for: protobufjs@7.5.4 want: ^1.1.2
690 silly placeDep ROOT @protobufjs/base64@1.1.2 OK for: protobufjs@7.5.4 want: ^1.1.2
691 silly placeDep ROOT @protobufjs/codegen@2.0.4 OK for: protobufjs@7.5.4 want: ^2.0.4
692 silly placeDep ROOT @protobufjs/eventemitter@1.1.0 OK for: protobufjs@7.5.4 want: ^1.1.0
693 silly placeDep ROOT @protobufjs/fetch@1.1.0 OK for: protobufjs@7.5.4 want: ^1.1.0
694 silly placeDep ROOT @protobufjs/float@1.0.2 OK for: protobufjs@7.5.4 want: ^1.0.2
695 silly placeDep ROOT @protobufjs/inquire@1.1.0 OK for: protobufjs@7.5.4 want: ^1.1.0
696 silly placeDep ROOT @protobufjs/path@1.1.2 OK for: protobufjs@7.5.4 want: ^1.1.2
697 silly placeDep ROOT @protobufjs/pool@1.1.0 OK for: protobufjs@7.5.4 want: ^1.1.0
698 silly placeDep ROOT @protobufjs/utf8@1.1.0 OK for: protobufjs@7.5.4 want: ^1.1.0
699 silly placeDep ROOT decode-uri-component@0.2.2 OK for: query-string@7.1.3 want: ^0.2.2
700 silly placeDep ROOT filter-obj@1.1.0 OK for: query-string@7.1.3 want: ^1.1.0
701 silly placeDep ROOT split-on-first@1.1.0 OK for: query-string@7.1.3 want: ^1.0.0
702 silly placeDep ROOT strict-uri-encode@2.0.0 OK for: query-string@7.1.3 want: ^2.0.0
703 silly fetch manifest react@*
704 silly packumentCache full:https://registry.npmjs.org/react cache-miss
705 http cache https://registry.npmjs.org/react 8ms (cache hit)
706 silly packumentCache full:https://registry.npmjs.org/react set size:6260175 disposed:false
707 silly placeDep ROOT react-freeze@1.0.4 OK for: react-native-screens@4.18.0 want: ^1.0.0
708 silly placeDep ROOT is-arrayish@0.3.4 OK for: simple-swizzle@0.2.4 want: ^0.3.1
709 silly placeDep ROOT http-parser-js@0.5.10 OK for: websocket-driver@0.7.4 want: >=0.5.1
710 silly placeDep ROOT websocket-extensions@0.1.4 OK for: websocket-driver@0.7.4 want: >=0.1.1
711 silly placeDep node_modules/color color-name@1.1.4 OK for: color-convert@2.0.1 want: ~1.1.4
712 silly reify mark retired [
712 silly reify   '/Users/nikhilmohanty/Documents/reclaim/RecoverVoiceApp/node_modules/expo/node_modules/expo-font'
712 silly reify ]
713 silly reify mark retired [
713 silly reify   '/Users/nikhilmohanty/Documents/reclaim/RecoverVoiceApp/node_modules/expo/node_modules/expo-constants'
713 silly reify ]
714 silly reify mark retired [
714 silly reify   '/Users/nikhilmohanty/Documents/reclaim/RecoverVoiceApp/node_modules/expo/node_modules/@expo/vector-icons'
714 silly reify ]
715 silly reify moves {
715 silly reify   '/Users/nikhilmohanty/Documents/reclaim/RecoverVoiceApp/node_modules/expo/node_modules/expo-font': '/Users/nikhilmohanty/Documents/reclaim/RecoverVoiceApp/node_modules/expo/node_modules/.expo-font-aXjKgrfG',
715 silly reify   '/Users/nikhilmohanty/Documents/reclaim/RecoverVoiceApp/node_modules/expo/node_modules/expo-constants': '/Users/nikhilmohanty/Documents/reclaim/RecoverVoiceApp/node_modules/expo/node_modules/.expo-constants-8D6UuQpl',
715 silly reify   '/Users/nikhilmohanty/Documents/reclaim/RecoverVoiceApp/node_modules/expo/node_modules/@expo/vector-icons': '/Users/nikhilmohanty/Documents/reclaim/RecoverVoiceApp/node_modules/expo/node_modules/@expo/.vector-icons-ttW5C9Bs'
715 silly reify }
716 silly audit bulk request {
716 silly audit   '@0no-co/graphql.web': [ '1.2.0' ],
716 silly audit   '@babel/code-frame': [ '7.10.4', '7.27.1' ],
716 silly audit   '@babel/compat-data': [ '7.28.5' ],
716 silly audit   '@babel/core': [ '7.28.5' ],
716 silly audit   semver: [ '6.3.1', '7.7.3' ],
716 silly audit   '@babel/generator': [ '7.28.5' ],
716 silly audit   '@babel/helper-annotate-as-pure': [ '7.27.3' ],
716 silly audit   '@babel/helper-compilation-targets': [ '7.27.2' ],
716 silly audit   '@babel/helper-create-class-features-plugin': [ '7.28.5' ],
716 silly audit   '@babel/helper-create-regexp-features-plugin': [ '7.28.5' ],
716 silly audit   '@babel/helper-define-polyfill-provider': [ '0.6.5' ],
716 silly audit   '@babel/helper-globals': [ '7.28.0' ],
716 silly audit   '@babel/helper-member-expression-to-functions': [ '7.28.5' ],
716 silly audit   '@babel/helper-module-imports': [ '7.27.1' ],
716 silly audit   '@babel/helper-module-transforms': [ '7.28.3' ],
716 silly audit   '@babel/helper-optimise-call-expression': [ '7.27.1' ],
716 silly audit   '@babel/helper-plugin-utils': [ '7.27.1' ],
716 silly audit   '@babel/helper-remap-async-to-generator': [ '7.27.1' ],
716 silly audit   '@babel/helper-replace-supers': [ '7.27.1' ],
716 silly audit   '@babel/helper-skip-transparent-expression-wrappers': [ '7.27.1' ],
716 silly audit   '@babel/helper-string-parser': [ '7.27.1' ],
716 silly audit   '@babel/helper-validator-identifier': [ '7.28.5' ],
716 silly audit   '@babel/helper-validator-option': [ '7.27.1' ],
716 silly audit   '@babel/helper-wrap-function': [ '7.28.3' ],
716 silly audit   '@babel/helpers': [ '7.28.4' ],
716 silly audit   '@babel/highlight': [ '7.25.9' ],
716 silly audit   '@babel/parser': [ '7.28.5' ],
716 silly audit   '@babel/plugin-proposal-decorators': [ '7.28.0' ],
716 silly audit   '@babel/plugin-proposal-export-default-from': [ '7.27.1' ],
716 silly audit   '@babel/plugin-syntax-async-generators': [ '7.8.4' ],
716 silly audit   '@babel/plugin-syntax-bigint': [ '7.8.3' ],
716 silly audit   '@babel/plugin-syntax-class-properties': [ '7.12.13' ],
716 silly audit   '@babel/plugin-syntax-class-static-block': [ '7.14.5' ],
716 silly audit   '@babel/plugin-syntax-decorators': [ '7.27.1' ],
716 silly audit   '@babel/plugin-syntax-dynamic-import': [ '7.8.3' ],
716 silly audit   '@babel/plugin-syntax-export-default-from': [ '7.27.1' ],
716 silly audit   '@babel/plugin-syntax-flow': [ '7.27.1' ],
716 silly audit   '@babel/plugin-syntax-import-attributes': [ '7.27.1' ],
716 silly audit   '@babel/plugin-syntax-import-meta': [ '7.10.4' ],
716 silly audit   '@babel/plugin-syntax-json-strings': [ '7.8.3' ],
716 silly audit   '@babel/plugin-syntax-jsx': [ '7.27.1' ],
716 silly audit   '@babel/plugin-syntax-logical-assignment-operators': [ '7.10.4' ],
716 silly audit   '@babel/plugin-syntax-nullish-coalescing-operator': [ '7.8.3' ],
716 silly audit   '@babel/plugin-syntax-numeric-separator': [ '7.10.4' ],
716 silly audit   '@babel/plugin-syntax-object-rest-spread': [ '7.8.3' ],
716 silly audit   '@babel/plugin-syntax-optional-catch-binding': [ '7.8.3' ],
716 silly audit   '@babel/plugin-syntax-optional-chaining': [ '7.8.3' ],
716 silly audit   '@babel/plugin-syntax-private-property-in-object': [ '7.14.5' ],
716 silly audit   '@babel/plugin-syntax-top-level-await': [ '7.14.5' ],
716 silly audit   '@babel/plugin-syntax-typescript': [ '7.27.1' ],
716 silly audit   '@babel/plugin-transform-arrow-functions': [ '7.27.1' ],
716 silly audit   '@babel/plugin-transform-async-generator-functions': [ '7.28.0' ],
716 silly audit   '@babel/plugin-transform-async-to-generator': [ '7.27.1' ],
716 silly audit   '@babel/plugin-transform-block-scoping': [ '7.28.5' ],
716 silly audit   '@babel/plugin-transform-class-properties': [ '7.27.1' ],
716 silly audit   '@babel/plugin-transform-class-static-block': [ '7.28.3' ],
716 silly audit   '@babel/plugin-transform-classes': [ '7.28.4' ],
716 silly audit   '@babel/plugin-transform-computed-properties': [ '7.27.1' ],
716 silly audit   '@babel/plugin-transform-destructuring': [ '7.28.5' ],
716 silly audit   '@babel/plugin-transform-export-namespace-from': [ '7.27.1' ],
716 silly audit   '@babel/plugin-transform-flow-strip-types': [ '7.27.1' ],
716 silly audit   '@babel/plugin-transform-for-of': [ '7.27.1' ],
716 silly audit   '@babel/plugin-transform-function-name': [ '7.27.1' ],
716 silly audit   '@babel/plugin-transform-literals': [ '7.27.1' ],
716 silly audit   '@babel/plugin-transform-logical-assignment-operators': [ '7.28.5' ],
716 silly audit   '@babel/plugin-transform-modules-commonjs': [ '7.27.1' ],
716 silly audit   '@babel/plugin-transform-named-capturing-groups-regex': [ '7.27.1' ],
716 silly audit   '@babel/plugin-transform-nullish-coalescing-operator': [ '7.27.1' ],
716 silly audit   '@babel/plugin-transform-numeric-separator': [ '7.27.1' ],
716 silly audit   '@babel/plugin-transform-object-rest-spread': [ '7.28.4' ],
716 silly audit   '@babel/plugin-transform-optional-catch-binding': [ '7.27.1' ],
716 silly audit   '@babel/plugin-transform-optional-chaining': [ '7.28.5' ],
716 silly audit   '@babel/plugin-transform-parameters': [ '7.27.7' ],
716 silly audit   '@babel/plugin-transform-private-methods': [ '7.27.1' ],
716 silly audit   '@babel/plugin-transform-private-property-in-object': [ '7.27.1' ],
716 silly audit   '@babel/plugin-transform-react-display-name': [ '7.28.0' ],
716 silly audit   '@babel/plugin-transform-react-jsx': [ '7.27.1' ],
716 silly audit   '@babel/plugin-transform-react-jsx-development': [ '7.27.1' ],
716 silly audit   '@babel/plugin-transform-react-jsx-self': [ '7.27.1' ],
716 silly audit   '@babel/plugin-transform-react-jsx-source': [ '7.27.1' ],
716 silly audit   '@babel/plugin-transform-react-pure-annotations': [ '7.27.1' ],
716 silly audit   '@babel/plugin-transform-regenerator': [ '7.28.4' ],
716 silly audit   '@babel/plugin-transform-runtime': [ '7.28.5' ],
716 silly audit   '@babel/plugin-transform-shorthand-properties': [ '7.27.1' ],
716 silly audit   '@babel/plugin-transform-spread': [ '7.27.1' ],
716 silly audit   '@babel/plugin-transform-sticky-regex': [ '7.27.1' ],
716 silly audit   '@babel/plugin-transform-typescript': [ '7.28.5' ],
716 silly audit   '@babel/plugin-transform-unicode-regex': [ '7.27.1' ],
716 silly audit   '@babel/preset-react': [ '7.28.5' ],
716 silly audit   '@babel/preset-typescript': [ '7.28.5' ],
716 silly audit   '@babel/runtime': [ '7.28.4' ],
716 silly audit   '@babel/template': [ '7.27.2' ],
716 silly audit   '@babel/traverse': [ '7.28.5' ],
716 silly audit   '@babel/types': [ '7.28.5' ],
716 silly audit   '@eslint-community/eslint-utils': [ '4.9.0' ],
716 silly audit   '@eslint-community/regexpp': [ '4.12.2' ],
716 silly audit   '@eslint/eslintrc': [ '2.1.4' ],
716 silly audit   argparse: [ '2.0.1', '1.0.10' ],
716 silly audit   'brace-expansion': [ '1.1.12', '2.0.2' ],
716 silly audit   'js-yaml': [ '4.1.0', '3.14.1' ],
716 silly audit   minimatch: [ '3.1.2', '9.0.5' ],
716 silly audit   'strip-json-comments': [ '3.1.1', '2.0.1' ],
716 silly audit   '@eslint/js': [ '8.57.1' ],
716 silly audit   '@expo/code-signing-certificates': [ '0.0.5' ],
716 silly audit   '@expo/config': [ '12.0.10' ],
716 silly audit   '@expo/config-plugins': [ '54.0.2' ],
716 silly audit   'ansi-styles': [ '4.3.0', '3.2.1', '5.2.0', '6.2.3' ],
716 silly audit   chalk: [ '4.1.2', '2.4.2' ],
716 silly audit   'color-convert': [ '2.0.1', '1.9.3' ],
716 silly audit   'color-name': [ '1.1.4', '1.1.3' ],
716 silly audit   'has-flag': [ '4.0.0', '3.0.0' ],
716 silly audit   'supports-color': [ '7.2.0', '8.1.1', '5.5.0' ],
716 silly audit   '@expo/config-types': [ '54.0.8' ],
716 silly audit   '@expo/devcert': [ '1.2.0' ],
716 silly audit   debug: [ '3.2.7', '2.6.9', '4.4.3' ],
716 silly audit   '@expo/devtools': [ '0.1.7' ],
716 silly audit   '@expo/env': [ '2.0.7' ],
716 silly audit   '@expo/fingerprint': [ '0.15.2' ],
716 silly audit   '@expo/image-utils': [ '0.8.7' ],
716 silly audit   '@expo/json-file': [ '10.0.7' ],
716 silly audit   '@expo/mcp-tunnel': [ '0.0.8' ],
716 silly audit   ws: [ '8.18.3', '6.2.3', '7.5.10' ],
716 silly audit   '@expo/metro': [ '54.1.0' ],
716 silly audit   '@expo/osascript': [ '2.3.7' ],
716 silly audit   '@expo/package-manager': [ '1.9.8' ],
716 silly audit   '@expo/plist': [ '0.4.7' ],
716 silly audit   '@expo/schema-utils': [ '0.1.7' ],
716 silly audit   '@expo/sdk-runtime-versions': [ '1.0.0' ],
716 silly audit   '@expo/spawn-async': [ '1.7.2' ],
716 silly audit   '@expo/sudo-prompt': [ '9.3.2' ],
716 silly audit   '@expo/ws-tunnel': [ '1.0.6' ],
716 silly audit   '@expo/xcpretty': [ '4.3.2' ],
716 silly audit   'find-up': [ '5.0.0', '4.1.0' ],
716 silly audit   'locate-path': [ '6.0.0', '5.0.0' ],
716 silly audit   'p-locate': [ '5.0.0', '4.1.0' ],
716 silly audit   '@humanwhocodes/config-array': [ '0.13.0' ],
716 silly audit   '@humanwhocodes/module-importer': [ '1.0.1' ],
716 silly audit   '@humanwhocodes/object-schema': [ '2.0.3' ],
716 silly audit   '@isaacs/cliui': [ '8.0.2' ],
716 silly audit   '@isaacs/fs-minipass': [ '4.0.1' ],
716 silly audit   '@isaacs/ttlcache': [ '1.4.1' ],
716 silly audit   '@istanbuljs/load-nyc-config': [ '1.1.0' ],
716 silly audit   camelcase: [ '5.3.1', '6.3.0' ],
716 silly audit   '@istanbuljs/schema': [ '0.1.3' ],
716 silly audit   '@jest/create-cache-key-function': [ '29.7.0' ],
716 silly audit   '@jest/environment': [ '29.7.0' ],
716 silly audit   '@jest/fake-timers': [ '29.7.0' ],
716 silly audit   '@jest/schemas': [ '29.6.3' ],
716 silly audit   '@jest/transform': [ '29.7.0' ],
716 silly audit   '@jest/types': [ '29.6.3' ],
716 silly audit   '@jridgewell/gen-mapping': [ '0.3.13' ],
716 silly audit   '@jridgewell/remapping': [ '2.3.5' ],
716 silly audit   '@jridgewell/resolve-uri': [ '3.1.2' ],
716 silly audit   '@jridgewell/source-map': [ '0.3.11' ],
716 silly audit   '@jridgewell/sourcemap-codec': [ '1.5.5' ],
716 silly audit   '@jridgewell/trace-mapping': [ '0.3.31' ],
716 silly audit   '@nodelib/fs.scandir': [ '2.1.5' ],
716 silly audit   '@nodelib/fs.stat': [ '2.0.5' ],
716 silly audit   '@nodelib/fs.walk': [ '1.2.8' ],
716 silly audit   '@pkgjs/parseargs': [ '0.11.0' ],
716 silly audit   '@pkgr/core': [ '0.2.9' ],
716 silly audit   '@react-native/assets-registry': [ '0.81.5' ],
716 silly audit   '@react-native/babel-plugin-codegen': [ '0.81.5' ],
716 silly audit   '@react-native/babel-preset': [ '0.81.5' ],
716 silly audit   '@react-native/codegen': [ '0.81.5' ],
716 silly audit   glob: [ '7.2.3', '10.4.5' ],
716 silly audit   'hermes-estree': [ '0.29.1', '0.25.1', '0.32.0' ],
716 silly audit   'hermes-parser': [ '0.29.1', '0.25.1', '0.32.0' ],
716 silly audit   '@react-native/community-cli-plugin': [ '0.81.5' ],
716 silly audit   '@react-native/debugger-frontend': [ '0.81.5' ],
716 silly audit   '@react-native/dev-middleware': [ '0.81.5' ],
716 silly audit   '@react-native/gradle-plugin': [ '0.81.5' ],
716 silly audit   '@react-native/js-polyfills': [ '0.81.5' ],
716 silly audit   '@react-native/normalize-colors': [ '0.81.5' ],
716 silly audit   '@sinclair/typebox': [ '0.27.8' ],
716 silly audit   '@sinonjs/commons': [ '3.0.1' ],
716 silly audit   '@sinonjs/fake-timers': [ '10.3.0' ],
716 silly audit   '@types/babel__core': [ '7.20.5' ],
716 silly audit   '@types/babel__generator': [ '7.27.0' ],
716 silly audit   '@types/babel__template': [ '7.4.4' ],
716 silly audit   '@types/babel__traverse': [ '7.28.0' ],
716 silly audit   '@types/graceful-fs': [ '4.1.9' ],
716 silly audit   '@types/istanbul-lib-coverage': [ '2.0.6' ],
716 silly audit   '@types/istanbul-lib-report': [ '3.0.3' ],
716 silly audit   '@types/istanbul-reports': [ '3.0.4' ],
716 silly audit   '@types/node': [ '24.9.2' ],
716 silly audit   '@types/stack-utils': [ '2.0.3' ],
716 silly audit   '@types/yargs': [ '17.0.34' ],
716 silly audit   '@types/yargs-parser': [ '21.0.3' ],
716 silly audit   '@typescript-eslint/eslint-plugin': [ '8.46.2' ],
716 silly audit   ignore: [ '7.0.5', '5.3.2' ],
716 silly audit   '@typescript-eslint/parser': [ '8.46.2' ],
716 silly audit   '@typescript-eslint/project-service': [ '8.46.2' ],
716 silly audit   '@typescript-eslint/scope-manager': [ '8.46.2' ],
716 silly audit   '@typescript-eslint/tsconfig-utils': [ '8.46.2' ],
716 silly audit   '@typescript-eslint/type-utils': [ '8.46.2' ],
716 silly audit   '@typescript-eslint/types': [ '8.46.2' ],
716 silly audit   '@typescript-eslint/typescript-estree': [ '8.46.2' ],
716 silly audit   '@typescript-eslint/utils': [ '8.46.2' ],
716 silly audit   '@typescript-eslint/visitor-keys': [ '8.46.2' ],
716 silly audit   'eslint-visitor-keys': [ '4.2.1', '3.4.3' ],
716 silly audit   '@ungap/structured-clone': [ '1.3.0' ],
716 silly audit   '@urql/core': [ '5.2.0' ],
716 silly audit   '@urql/exchange-retry': [ '1.3.2' ],
716 silly audit   '@xmldom/xmldom': [ '0.8.11' ],
716 silly audit   'abort-controller': [ '3.0.0' ],
716 silly audit   accepts: [ '1.3.8' ],
716 silly audit   acorn: [ '8.15.0' ],
716 silly audit   'acorn-jsx': [ '5.3.2' ],
716 silly audit   'agent-base': [ '7.1.4' ],
716 silly audit   ajv: [ '6.12.6' ],
716 silly audit   anser: [ '1.4.10' ],
716 silly audit   'ansi-escapes': [ '4.3.2' ],
716 silly audit   'type-fest': [ '0.21.3', '0.20.2', '0.7.1' ],
716 silly audit   'ansi-regex': [ '5.0.1', '4.1.1', '6.2.2' ],
716 silly audit   'any-promise': [ '1.3.0' ],
716 silly audit   anymatch: [ '3.1.3' ],
716 silly audit   arg: [ '5.0.2' ],
716 silly audit   'array-buffer-byte-length': [ '1.0.2' ],
716 silly audit   'array-includes': [ '3.1.9' ],
716 silly audit   'array.prototype.findlast': [ '1.2.5' ],
716 silly audit   'array.prototype.flat': [ '1.3.3' ],
716 silly audit   'array.prototype.flatmap': [ '1.3.3' ],
716 silly audit   'array.prototype.tosorted': [ '1.1.4' ],
716 silly audit   'arraybuffer.prototype.slice': [ '1.0.4' ],
716 silly audit   asap: [ '2.0.6' ],
716 silly audit   'async-function': [ '1.0.0' ],
716 silly audit   'async-limiter': [ '1.0.1' ],
716 silly audit   'available-typed-arrays': [ '1.0.7' ],
716 silly audit   'babel-jest': [ '29.7.0' ],
716 silly audit   'babel-plugin-istanbul': [ '6.1.1' ],
716 silly audit   'babel-plugin-jest-hoist': [ '29.6.3' ],
716 silly audit   'babel-plugin-polyfill-corejs2': [ '0.4.14' ],
716 silly audit   'babel-plugin-polyfill-corejs3': [ '0.13.0' ],
716 silly audit   'babel-plugin-polyfill-regenerator': [ '0.6.5' ],
716 silly audit   'babel-plugin-react-compiler': [ '1.0.0' ],
716 silly audit   'babel-plugin-react-native-web': [ '0.21.2' ],
716 silly audit   'babel-plugin-syntax-hermes-parser': [ '0.29.1' ],
716 silly audit   'babel-plugin-transform-flow-enums': [ '0.0.2' ],
716 silly audit   'babel-preset-current-node-syntax': [ '1.2.0' ],
716 silly audit   'babel-preset-jest': [ '29.6.3' ],
716 silly audit   'balanced-match': [ '1.0.2' ],
716 silly audit   'base64-js': [ '1.5.1' ],
716 silly audit   'baseline-browser-mapping': [ '2.8.21' ],
716 silly audit   'better-opn': [ '3.0.2' ],
716 silly audit   open: [ '8.4.2', '7.4.2' ],
716 silly audit   'big-integer': [ '1.6.52' ],
716 silly audit   'bplist-creator': [ '0.1.0' ],
716 silly audit   'bplist-parser': [ '0.3.1' ],
716 silly audit   braces: [ '3.0.3' ],
716 silly audit   browserslist: [ '4.27.0' ],
716 silly audit   bser: [ '2.1.1' ],
716 silly audit   buffer: [ '5.7.1' ],
716 silly audit   'buffer-from': [ '1.1.2' ],
716 silly audit   bytes: [ '3.1.2' ],
716 silly audit   'call-bind': [ '1.0.8' ],
716 silly audit   'call-bind-apply-helpers': [ '1.0.2' ],
716 silly audit   'call-bound': [ '1.0.4' ],
716 silly audit   callsites: [ '3.1.0' ],
716 silly audit   'caniuse-lite': [ '1.0.30001751' ],
716 silly audit   chownr: [ '3.0.0' ],
716 silly audit   'chrome-launcher': [ '0.15.2' ],
716 silly audit   'escape-string-regexp': [ '4.0.0', '1.0.5', '2.0.0' ],
716 silly audit   'chromium-edge-launcher': [ '0.2.0' ],
716 silly audit   'ci-info': [ '2.0.0', '3.9.0' ],
716 silly audit   'cli-cursor': [ '2.1.0' ],
716 silly audit   'cli-spinners': [ '2.9.2' ],
716 silly audit   cliui: [ '8.0.1' ],
716 silly audit   'emoji-regex': [ '8.0.0', '9.2.2' ],
716 silly audit   'string-width': [ '4.2.3', '5.1.2' ],
716 silly audit   'strip-ansi': [ '6.0.1', '5.2.0', '7.1.2' ],
716 silly audit   'wrap-ansi': [ '7.0.0', '8.1.0' ],
716 silly audit   clone: [ '1.0.4' ],
716 silly audit   commander: [ '7.2.0', '12.1.0', '4.1.1', '2.20.3' ],
716 silly audit   compressible: [ '2.0.18' ],
716 silly audit   compression: [ '1.8.1' ],
716 silly audit   ms: [ '2.0.0', '2.1.3' ],
716 silly audit   negotiator: [ '0.6.4', '0.6.3' ],
716 silly audit   'concat-map': [ '0.0.1' ],
716 silly audit   connect: [ '3.7.0' ],
716 silly audit   'convert-source-map': [ '2.0.0' ],
716 silly audit   'core-js-compat': [ '3.46.0' ],
716 silly audit   'cross-spawn': [ '7.0.6' ],
716 silly audit   'crypto-random-string': [ '2.0.0' ],
716 silly audit   'data-view-buffer': [ '1.0.2' ],
716 silly audit   'data-view-byte-length': [ '1.0.2' ],
716 silly audit   'data-view-byte-offset': [ '1.0.1' ],
716 silly audit   'deep-extend': [ '0.6.0' ],
716 silly audit   'deep-is': [ '0.1.4' ],
716 silly audit   deepmerge: [ '4.3.1' ],
716 silly audit   defaults: [ '1.0.4' ],
716 silly audit   'define-data-property': [ '1.1.4' ],
716 silly audit   'define-lazy-prop': [ '2.0.0' ],
716 silly audit   'define-properties': [ '1.2.1' ],
716 silly audit   depd: [ '2.0.0' ],
716 silly audit   destroy: [ '1.2.0' ],
716 silly audit   'detect-libc': [ '2.1.2' ],
716 silly audit   doctrine: [ '2.1.0', '3.0.0' ],
716 silly audit   dotenv: [ '16.4.7' ],
716 silly audit   'dotenv-expand': [ '11.0.7' ],
716 silly audit   'dunder-proto': [ '1.0.1' ],
716 silly audit   eastasianwidth: [ '0.2.0' ],
716 silly audit   'ee-first': [ '1.1.1' ],
716 silly audit   'electron-to-chromium': [ '1.5.243' ],
716 silly audit   encodeurl: [ '1.0.2', '2.0.0' ],
716 silly audit   'env-editor': [ '0.4.2' ],
716 silly audit   'error-stack-parser': [ '2.1.4' ],
716 silly audit   'es-abstract': [ '1.24.0' ],
716 silly audit   'es-define-property': [ '1.0.1' ],
716 silly audit   'es-errors': [ '1.3.0' ],
716 silly audit   'es-iterator-helpers': [ '1.2.1' ],
716 silly audit   'es-object-atoms': [ '1.1.1' ],
716 silly audit   'es-set-tostringtag': [ '2.1.0' ],
716 silly audit   'es-shim-unscopables': [ '1.1.0' ],
716 silly audit   'es-to-primitive': [ '1.3.0' ],
716 silly audit   escalade: [ '3.2.0' ],
716 silly audit   'escape-html': [ '1.0.3' ],
716 silly audit   eslint: [ '8.57.1' ],
716 silly audit   'eslint-config-prettier': [ '10.1.8' ],
716 silly audit   'eslint-plugin-prettier': [ '5.5.4' ],
716 silly audit   'eslint-plugin-react': [ '7.37.5' ],
716 silly audit   'eslint-plugin-react-hooks': [ '7.0.1' ],
716 silly audit   'eslint-plugin-react-native': [ '5.0.0' ],
716 silly audit   'eslint-plugin-react-native-globals': [ '0.1.2' ],
716 silly audit   resolve: [ '2.0.0-next.5', '1.7.1', '1.22.11' ],
716 silly audit   'eslint-plugin-security': [ '3.0.1' ],
716 silly audit   'eslint-scope': [ '7.2.2' ],
716 silly audit   espree: [ '9.6.1' ],
716 silly audit   esprima: [ '4.0.1' ],
716 silly audit   esquery: [ '1.6.0' ],
716 silly audit   esrecurse: [ '4.3.0' ],
716 silly audit   estraverse: [ '5.3.0' ],
716 silly audit   esutils: [ '2.0.3' ],
716 silly audit   etag: [ '1.8.1' ],
716 silly audit   'event-target-shim': [ '5.0.1' ],
716 silly audit   'exec-async': [ '2.2.0' ],
716 silly audit   expo: [ '54.0.21' ],
716 silly audit   'expo-modules-autolinking': [ '3.0.19' ],
716 silly audit   'expo-modules-core': [ '3.0.23' ],
716 silly audit   'expo-server': [ '1.0.3' ],
716 silly audit   'expo-status-bar': [ '3.0.8' ],
716 silly audit   '@expo/cli': [ '54.0.14' ],
716 silly audit   '@expo/prebuild-config': [ '54.0.6' ],
716 silly audit   '@expo/metro-config': [ '54.0.8' ],
716 silly audit   '@expo/vector-icons': [ '15.0.3' ],
716 silly audit   'babel-preset-expo': [ '54.0.6' ],
716 silly audit   'expo-asset': [ '12.0.9' ],
716 silly audit   'expo-constants': [ '18.0.10' ],
716 silly audit   'expo-file-system': [ '19.0.17' ],
716 silly audit   'expo-font': [ '14.0.9' ],
716 silly audit   'expo-keep-awake': [ '15.0.7' ],
716 silly audit   picomatch: [ '3.0.1', '2.3.1' ],
716 silly audit   'exponential-backoff': [ '3.1.3' ],
716 silly audit   'fast-deep-equal': [ '3.1.3' ],
716 silly audit   'fast-diff': [ '1.3.0' ],
716 silly audit   'fast-glob': [ '3.3.3' ],
716 silly audit   'glob-parent': [ '5.1.2', '6.0.2' ],
716 silly audit   'fast-json-stable-stringify': [ '2.1.0' ],
716 silly audit   'fast-levenshtein': [ '2.0.6' ],
716 silly audit   fastq: [ '1.19.1' ],
716 silly audit   'fb-watchman': [ '2.0.2' ],
716 silly audit   'file-entry-cache': [ '6.0.1' ],
716 silly audit   'fill-range': [ '7.1.1' ],
716 silly audit   finalhandler: [ '1.1.2' ],
716 silly audit   'flat-cache': [ '3.2.0' ],
716 silly audit   flatted: [ '3.3.3' ],
716 silly audit   'flow-enums-runtime': [ '0.0.6' ],
716 silly audit   fontfaceobserver: [ '2.3.0' ],
716 silly audit   'for-each': [ '0.3.5' ],
716 silly audit   'foreground-child': [ '3.3.1' ],
716 silly audit   'freeport-async': [ '2.0.0' ],
716 silly audit   fresh: [ '0.5.2' ],
716 silly audit   'fs.realpath': [ '1.0.0' ],
716 silly audit   fsevents: [ '2.3.3' ],
716 silly audit   'function-bind': [ '1.1.2' ],
716 silly audit   'function.prototype.name': [ '1.1.8' ],
716 silly audit   'functions-have-names': [ '1.2.3' ],
716 silly audit   'generator-function': [ '2.0.1' ],
716 silly audit   gensync: [ '1.0.0-beta.2' ],
716 silly audit   'get-caller-file': [ '2.0.5' ],
716 silly audit   'get-intrinsic': [ '1.3.0' ],
716 silly audit   'get-package-type': [ '0.1.0' ],
716 silly audit   'get-proto': [ '1.0.1' ],
716 silly audit   'get-symbol-description': [ '1.1.0' ],
716 silly audit   getenv: [ '2.0.0' ],
716 silly audit   'global-dirs': [ '0.1.1' ],
716 silly audit   globals: [ '13.24.0' ],
716 silly audit   globalthis: [ '1.0.4' ],
716 silly audit   gopd: [ '1.2.0' ],
716 silly audit   'graceful-fs': [ '4.2.11' ],
716 silly audit   graphemer: [ '1.4.0' ],
716 silly audit   'has-bigints': [ '1.1.0' ],
716 silly audit   'has-property-descriptors': [ '1.0.2' ],
716 silly audit   'has-proto': [ '1.2.0' ],
716 silly audit   'has-symbols': [ '1.1.0' ],
716 silly audit   'has-tostringtag': [ '1.0.2' ],
716 silly audit   hasown: [ '2.0.2' ],
716 silly audit   'hosted-git-info': [ '7.0.2' ],
716 silly audit   'lru-cache': [ '10.4.3', '5.1.1' ],
716 silly audit   'http-errors': [ '2.0.0' ],
716 silly audit   statuses: [ '2.0.1', '1.5.0' ],
716 silly audit   'https-proxy-agent': [ '7.0.6' ],
716 silly audit   husky: [ '9.1.7' ],
716 silly audit   ieee754: [ '1.2.1' ],
716 silly audit   'image-size': [ '1.2.1' ],
716 silly audit   'import-fresh': [ '3.3.1' ],
716 silly audit   'resolve-from': [ '4.0.0', '5.0.0' ],
716 silly audit   imurmurhash: [ '0.1.4' ],
716 silly audit   inflight: [ '1.0.6' ],
716 silly audit   inherits: [ '2.0.4' ],
716 silly audit   ini: [ '1.3.8' ],
716 silly audit   'internal-slot': [ '1.1.0' ],
716 silly audit   invariant: [ '2.2.4' ],
716 silly audit   'is-array-buffer': [ '3.0.5' ],
716 silly audit   'is-async-function': [ '2.1.1' ],
716 silly audit   'is-bigint': [ '1.1.0' ],
716 silly audit   'is-boolean-object': [ '1.2.2' ],
716 silly audit   'is-callable': [ '1.2.7' ],
716 silly audit   'is-core-module': [ '2.16.1' ],
716 silly audit   'is-data-view': [ '1.0.2' ],
716 silly audit   'is-date-object': [ '1.1.0' ],
716 silly audit   'is-docker': [ '2.2.1' ],
716 silly audit   'is-extglob': [ '2.1.1' ],
716 silly audit   'is-finalizationregistry': [ '1.1.1' ],
716 silly audit   'is-fullwidth-code-point': [ '3.0.0' ],
716 silly audit   'is-generator-function': [ '1.1.2' ],
716 silly audit   'is-glob': [ '4.0.3' ],
716 silly audit   'is-map': [ '2.0.3' ],
716 silly audit   'is-negative-zero': [ '2.0.3' ],
716 silly audit   'is-number': [ '7.0.0' ],
716 silly audit   'is-number-object': [ '1.1.1' ],
716 silly audit   'is-path-inside': [ '3.0.3' ],
716 silly audit   'is-regex': [ '1.2.1' ],
716 silly audit   'is-set': [ '2.0.3' ],
716 silly audit   'is-shared-array-buffer': [ '1.0.4' ],
716 silly audit   'is-string': [ '1.1.1' ],
716 silly audit   'is-symbol': [ '1.1.1' ],
716 silly audit   'is-typed-array': [ '1.1.15' ],
716 silly audit   'is-weakmap': [ '2.0.2' ],
716 silly audit   'is-weakref': [ '1.1.1' ],
716 silly audit   'is-weakset': [ '2.0.4' ],
716 silly audit   'is-wsl': [ '2.2.0' ],
716 silly audit   isarray: [ '2.0.5' ],
716 silly audit   isexe: [ '2.0.0' ],
716 silly audit   'istanbul-lib-coverage': [ '3.2.2' ],
716 silly audit   'istanbul-lib-instrument': [ '5.2.1' ],
716 silly audit   'iterator.prototype': [ '1.1.5' ],
716 silly audit   jackspeak: [ '3.4.3' ],
716 silly audit   'jest-environment-node': [ '29.7.0' ],
716 silly audit   'jest-get-type': [ '29.6.3' ],
716 silly audit   'jest-haste-map': [ '29.7.0' ],
716 silly audit   'jest-message-util': [ '29.7.0' ],
716 silly audit   'jest-mock': [ '29.7.0' ],
716 silly audit   'jest-regex-util': [ '29.6.3' ],
716 silly audit   'jest-util': [ '29.7.0' ],
716 silly audit   'jest-validate': [ '29.7.0' ],
716 silly audit   'jest-worker': [ '29.7.0' ],
716 silly audit   'jimp-compact': [ '0.16.1' ],
716 silly audit   'js-tokens': [ '4.0.0' ],
716 silly audit   'jsc-safe-url': [ '0.2.4' ],
716 silly audit   jsesc: [ '3.1.0' ],
716 silly audit   'json-buffer': [ '3.0.1' ],
716 silly audit   'json-schema-traverse': [ '0.4.1' ],
716 silly audit   'json-stable-stringify-without-jsonify': [ '1.0.1' ],
716 silly audit   json5: [ '2.2.3' ],
716 silly audit   'jsx-ast-utils': [ '3.3.5' ],
716 silly audit   keyv: [ '4.5.4' ],
716 silly audit   kleur: [ '3.0.3' ],
716 silly audit   'lan-network': [ '0.1.7' ],
716 silly audit   leven: [ '3.1.0' ],
716 silly audit   levn: [ '0.4.1' ],
716 silly audit   'lighthouse-logger': [ '1.4.2' ],
716 silly audit   lightningcss: [ '1.30.2' ],
716 silly audit   'lightningcss-android-arm64': [ '1.30.2' ],
716 silly audit   'lightningcss-darwin-arm64': [ '1.30.2' ],
716 silly audit   'lightningcss-darwin-x64': [ '1.30.2' ],
716 silly audit   'lightningcss-freebsd-x64': [ '1.30.2' ],
716 silly audit   'lightningcss-linux-arm-gnueabihf': [ '1.30.2' ],
716 silly audit   'lightningcss-linux-arm64-gnu': [ '1.30.2' ],
716 silly audit   'lightningcss-linux-arm64-musl': [ '1.30.2' ],
716 silly audit   'lightningcss-linux-x64-gnu': [ '1.30.2' ],
716 silly audit   'lightningcss-linux-x64-musl': [ '1.30.2' ],
716 silly audit   'lightningcss-win32-arm64-msvc': [ '1.30.2' ],
716 silly audit   'lightningcss-win32-x64-msvc': [ '1.30.2' ],
716 silly audit   'lines-and-columns': [ '1.2.4' ],
716 silly audit   'lodash.debounce': [ '4.0.8' ],
716 silly audit   'lodash.merge': [ '4.6.2' ],
716 silly audit   'lodash.throttle': [ '4.1.1' ],
716 silly audit   'log-symbols': [ '2.2.0' ],
716 silly audit   'loose-envify': [ '1.4.0' ],
716 silly audit   makeerror: [ '1.0.12' ],
716 silly audit   marky: [ '1.3.0' ],
716 silly audit   'math-intrinsics': [ '1.1.0' ],
716 silly audit   'memoize-one': [ '5.2.1' ],
716 silly audit   'merge-stream': [ '2.0.0' ],
716 silly audit   merge2: [ '1.4.1' ],
716 silly audit   metro: [ '0.83.2' ],
716 silly audit   'metro-babel-transformer': [ '0.83.2' ],
716 silly audit   'metro-cache': [ '0.83.2' ],
716 silly audit   'metro-cache-key': [ '0.83.2' ],
716 silly audit   'metro-config': [ '0.83.2' ],
716 silly audit   'metro-core': [ '0.83.2' ],
716 silly audit   'metro-file-map': [ '0.83.2' ],
716 silly audit   'metro-minify-terser': [ '0.83.2' ],
716 silly audit   'metro-resolver': [ '0.83.2' ],
716 silly audit   'metro-runtime': [ '0.83.2' ],
716 silly audit   'metro-source-map': [ '0.83.2' ],
716 silly audit   'metro-symbolicate': [ '0.83.2' ],
716 silly audit   'metro-transform-plugins': [ '0.83.2' ],
716 silly audit   'metro-transform-worker': [ '0.83.2' ],
716 silly audit   micromatch: [ '4.0.8' ],
716 silly audit   mime: [ '1.6.0' ],
716 silly audit   'mime-db': [ '1.52.0' ],
716 silly audit   'mime-types': [ '2.1.35' ],
716 silly audit   'mimic-fn': [ '1.2.0' ],
716 silly audit   minimist: [ '1.2.8' ],
716 silly audit   minipass: [ '7.1.2' ],
716 silly audit   minizlib: [ '3.1.0' ],
716 silly audit   mkdirp: [ '1.0.4' ],
716 silly audit   mz: [ '2.7.0' ],
716 silly audit   nanoid: [ '3.3.11' ],
716 silly audit   'natural-compare': [ '1.4.0' ],
716 silly audit   'nested-error-stacks': [ '2.0.1' ],
716 silly audit   'node-forge': [ '1.3.1' ],
716 silly audit   'node-int64': [ '0.4.0' ],
716 silly audit   'node-releases': [ '2.0.27' ],
716 silly audit   'normalize-path': [ '3.0.0' ],
716 silly audit   'npm-package-arg': [ '11.0.3' ],
716 silly audit   nullthrows: [ '1.1.1' ],
716 silly audit   ob1: [ '0.83.2' ],
716 silly audit   'object-assign': [ '4.1.1' ],
716 silly audit   'object-inspect': [ '1.13.4' ],
716 silly audit   'object-keys': [ '1.1.1' ],
716 silly audit   'object.assign': [ '4.1.7' ],
716 silly audit   'object.entries': [ '1.1.9' ],
716 silly audit   'object.fromentries': [ '2.0.8' ],
716 silly audit   'object.values': [ '1.2.1' ],
716 silly audit   'on-finished': [ '2.3.0', '2.4.1' ],
716 silly audit   'on-headers': [ '1.1.0' ],
716 silly audit   once: [ '1.4.0' ],
716 silly audit   onetime: [ '2.0.1' ],
716 silly audit   optionator: [ '0.9.4' ],
716 silly audit   ora: [ '3.4.0' ],
716 silly audit   'own-keys': [ '1.0.1' ],
716 silly audit   'p-limit': [ '3.1.0', '2.3.0' ],
716 silly audit   'p-try': [ '2.2.0' ],
716 silly audit   'package-json-from-dist': [ '1.0.1' ],
716 silly audit   'parent-module': [ '1.0.1' ],
716 silly audit   'parse-png': [ '2.1.0' ],
716 silly audit   parseurl: [ '1.3.3' ],
716 silly audit   'path-exists': [ '4.0.0' ],
716 silly audit   'path-is-absolute': [ '1.0.1' ],
716 silly audit   'path-key': [ '3.1.1' ],
716 silly audit   'path-parse': [ '1.0.7' ],
716 silly audit   'path-scurry': [ '1.11.1' ],
716 silly audit   picocolors: [ '1.1.1' ],
716 silly audit   pirates: [ '4.0.7' ],
716 silly audit   plist: [ '3.1.0' ],
716 silly audit   pngjs: [ '3.4.0' ],
716 silly audit   'possible-typed-array-names': [ '1.1.0' ],
716 silly audit   postcss: [ '8.4.49' ],
716 silly audit   'prelude-ls': [ '1.2.1' ],
716 silly audit   prettier: [ '3.6.2' ],
716 silly audit   'prettier-linter-helpers': [ '1.0.0' ],
716 silly audit   'pretty-bytes': [ '5.6.0' ],
716 silly audit   'pretty-format': [ '29.7.0' ],
716 silly audit   'proc-log': [ '4.2.0' ],
716 silly audit   progress: [ '2.0.3' ],
716 silly audit   promise: [ '8.3.0' ],
716 silly audit   prompts: [ '2.4.2' ],
716 silly audit   'prop-types': [ '15.8.1' ],
716 silly audit   'react-is': [ '16.13.1', '18.3.1', '19.2.0' ],
716 silly audit   punycode: [ '2.3.1' ],
716 silly audit   'qrcode-terminal': [ '0.11.0' ],
716 silly audit   queue: [ '6.0.2' ],
716 silly audit   'queue-microtask': [ '1.2.3' ],
716 silly audit   'range-parser': [ '1.2.1' ],
716 silly audit   rc: [ '1.2.8' ],
716 silly audit   react: [ '19.1.0' ],
716 silly audit   'react-devtools-core': [ '6.1.5' ],
716 silly audit   'react-native': [ '0.81.5' ],
716 silly audit   'react-native-is-edge-to-edge': [ '1.2.1' ],
716 silly audit   '@react-native/virtualized-lists': [ '0.81.5' ],
716 silly audit   'react-refresh': [ '0.14.2' ],
716 silly audit   'reflect.getprototypeof': [ '1.0.10' ],
716 silly audit   regenerate: [ '1.4.2' ],
716 silly audit   'regenerate-unicode-properties': [ '10.2.2' ],
716 silly audit   'regenerator-runtime': [ '0.13.11' ],
716 silly audit   'regexp-tree': [ '0.1.27' ],
716 silly audit   'regexp.prototype.flags': [ '1.5.4' ],
716 silly audit   'regexpu-core': [ '6.4.0' ],
716 silly audit   regjsgen: [ '0.8.0' ],
716 silly audit   regjsparser: [ '0.13.0' ],
716 silly audit   'require-directory': [ '2.1.1' ],
716 silly audit   'require-from-string': [ '2.0.2' ],
716 silly audit   requireg: [ '0.2.2' ],
716 silly audit   'resolve-global': [ '1.0.0' ],
716 silly audit   'resolve-workspace-root': [ '2.0.0' ],
716 silly audit   'resolve.exports': [ '2.0.3' ],
716 silly audit   'restore-cursor': [ '2.0.0' ],
716 silly audit   'signal-exit': [ '3.0.7', '4.1.0' ],
716 silly audit   reusify: [ '1.1.0' ],
716 silly audit   rimraf: [ '3.0.2' ],
716 silly audit   'run-parallel': [ '1.2.0' ],
716 silly audit   'safe-array-concat': [ '1.1.3' ],
716 silly audit   'safe-buffer': [ '5.2.1' ],
716 silly audit   'safe-push-apply': [ '1.0.0' ],
716 silly audit   'safe-regex': [ '2.1.1' ],
716 silly audit   'safe-regex-test': [ '1.1.0' ],
716 silly audit   sax: [ '1.4.1' ],
716 silly audit   scheduler: [ '0.26.0' ],
716 silly audit   send: [ '0.19.0' ],
716 silly audit   'serialize-error': [ '2.1.0' ],
716 silly audit   'serve-static': [ '1.16.2' ],
716 silly audit   'set-function-length': [ '1.2.2' ],
716 silly audit   'set-function-name': [ '2.0.2' ],
716 silly audit   'set-proto': [ '1.0.0' ],
716 silly audit   setprototypeof: [ '1.2.0' ],
716 silly audit   'shebang-command': [ '2.0.0' ],
716 silly audit   'shebang-regex': [ '3.0.0' ],
716 silly audit   'shell-quote': [ '1.8.3' ],
716 silly audit   'side-channel': [ '1.1.0' ],
716 silly audit   'side-channel-list': [ '1.0.0' ],
716 silly audit   'side-channel-map': [ '1.0.1' ],
716 silly audit   'side-channel-weakmap': [ '1.0.2' ],
716 silly audit   'simple-plist': [ '1.3.1' ],
716 silly audit   sisteransi: [ '1.0.5' ],
716 silly audit   slash: [ '3.0.0' ],
716 silly audit   slugify: [ '1.6.6' ],
716 silly audit   'source-map': [ '0.5.7', '0.6.1' ],
716 silly audit   'source-map-js': [ '1.2.1' ],
716 silly audit   'source-map-support': [ '0.5.21' ],
716 silly audit   'sprintf-js': [ '1.0.3' ],
716 silly audit   'stack-utils': [ '2.0.6' ],
716 silly audit   stackframe: [ '1.3.4' ],
716 silly audit   'stacktrace-parser': [ '0.1.11' ],
716 silly audit   'stop-iteration-iterator': [ '1.1.0' ],
716 silly audit   'stream-buffers': [ '2.2.0' ],
716 silly audit   'string.prototype.matchall': [ '4.0.12' ],
716 silly audit   'string.prototype.repeat': [ '1.0.0' ],
716 silly audit   'string.prototype.trim': [ '1.2.10' ],
716 silly audit   'string.prototype.trimend': [ '1.0.9' ],
716 silly audit   'string.prototype.trimstart': [ '1.0.8' ],
716 silly audit   'structured-headers': [ '0.4.1' ],
716 silly audit   sucrase: [ '3.35.0' ],
716 silly audit   'supports-hyperlinks': [ '2.3.0' ],
716 silly audit   'supports-preserve-symlinks-flag': [ '1.0.0' ],
716 silly audit   synckit: [ '0.11.11' ],
716 silly audit   tar: [ '7.5.1' ],
716 silly audit   yallist: [ '5.0.0', '3.1.1' ],
716 silly audit   'temp-dir': [ '2.0.0' ],
716 silly audit   'terminal-link': [ '2.1.1' ],
716 silly audit   terser: [ '5.44.0' ],
716 silly audit   'test-exclude': [ '6.0.0' ],
716 silly audit   'text-table': [ '0.2.0' ],
716 silly audit   thenify: [ '3.3.1' ],
716 silly audit   'thenify-all': [ '1.6.0' ],
716 silly audit   throat: [ '5.0.0' ],
716 silly audit   tmpl: [ '1.0.5' ],
716 silly audit   'to-regex-range': [ '5.0.1' ],
716 silly audit   toidentifier: [ '1.0.1' ],
716 silly audit   'ts-api-utils': [ '2.1.0' ],
716 silly audit   'ts-interface-checker': [ '0.1.13' ],
716 silly audit   'type-check': [ '0.4.0' ],
716 silly audit   'type-detect': [ '4.0.8' ],
716 silly audit   'typed-array-buffer': [ '1.0.3' ],
716 silly audit   'typed-array-byte-length': [ '1.0.3' ],
716 silly audit   'typed-array-byte-offset': [ '1.0.4' ],
716 silly audit   'typed-array-length': [ '1.0.7' ],
716 silly audit   typescript: [ '5.9.3' ],
716 silly audit   'unbox-primitive': [ '1.1.0' ],
716 silly audit   undici: [ '6.22.0' ],
716 silly audit   'undici-types': [ '7.16.0' ],
716 silly audit   'unicode-canonical-property-names-ecmascript': [ '2.0.1' ],
716 silly audit   'unicode-match-property-ecmascript': [ '2.0.0' ],
716 silly audit   'unicode-match-property-value-ecmascript': [ '2.2.1' ],
716 silly audit   'unicode-property-aliases-ecmascript': [ '2.2.0' ],
716 silly audit   'unique-string': [ '2.0.0' ],
716 silly audit   unpipe: [ '1.0.0' ],
716 silly audit   'update-browserslist-db': [ '1.1.4' ],
716 silly audit   'uri-js': [ '4.4.1' ],
716 silly audit   'utils-merge': [ '1.0.1' ],
716 silly audit   uuid: [ '7.0.3' ],
716 silly audit   'validate-npm-package-name': [ '5.0.1' ],
716 silly audit   vary: [ '1.1.2' ],
716 silly audit   vlq: [ '1.0.1' ],
716 silly audit   walker: [ '1.0.8' ],
716 silly audit   wcwidth: [ '1.0.1' ],
716 silly audit   'webidl-conversions': [ '5.0.0' ],
716 silly audit   'whatwg-fetch': [ '3.6.20' ],
716 silly audit   'whatwg-url-without-unicode': [ '8.0.0-3' ],
716 silly audit   which: [ '2.0.2' ],
716 silly audit   'which-boxed-primitive': [ '1.1.1' ],
716 silly audit   'which-builtin-type': [ '1.2.1' ],
716 silly audit   'which-collection': [ '1.0.2' ],
716 silly audit   'which-typed-array': [ '1.1.19' ],
716 silly audit   wonka: [ '6.3.5' ],
716 silly audit   'word-wrap': [ '1.2.5' ],
716 silly audit   wrappy: [ '1.0.2' ],
716 silly audit   'write-file-atomic': [ '4.0.2' ],
716 silly audit   xcode: [ '3.0.1' ],
716 silly audit   xml2js: [ '0.6.0' ],
716 silly audit   xmlbuilder: [ '11.0.1', '15.1.1' ],
716 silly audit   y18n: [ '5.0.8' ],
716 silly audit   yaml: [ '2.8.1' ],
716 silly audit   yargs: [ '17.7.2' ],
716 silly audit   'yargs-parser': [ '21.1.1' ],
716 silly audit   'yocto-queue': [ '0.1.0' ],
716 silly audit   zod: [ '3.25.76' ],
716 silly audit   'zod-to-json-schema': [ '3.24.6' ],
716 silly audit   'zod-validation-error': [ '4.0.2' ],
716 silly audit   '@react-navigation/bottom-tabs': [ '7.8.4' ],
716 silly audit   '@react-navigation/native': [ '7.1.19' ],
716 silly audit   '@react-navigation/native-stack': [ '7.6.2' ],
716 silly audit   axios: [ '1.13.2' ],
716 silly audit   'expo-linear-gradient': [ '15.0.7' ],
716 silly audit   'expo-linking': [ '8.0.8' ],
716 silly audit   firebase: [ '12.6.0' ],
716 silly audit   'react-native-safe-area-context': [ '5.6.2' ],
716 silly audit   'react-native-screens': [ '4.18.0' ],
716 silly audit   'merge-options': [ '3.0.4' ],
716 silly audit   '@react-navigation/elements': [ '2.8.1' ],
716 silly audit   color: [ '4.2.3' ],
716 silly audit   'sf-symbols-typescript': [ '2.1.0' ],
716 silly audit   'use-latest-callback': [ '0.2.6' ],
716 silly audit   'use-sync-external-store': [ '1.6.0' ],
716 silly audit   '@react-navigation/core': [ '7.13.0' ],
716 silly audit   '@react-navigation/routers': [ '7.5.1' ],
716 silly audit   'query-string': [ '7.1.3' ],
716 silly audit   'warn-once': [ '0.1.1' ],
716 silly audit   'follow-redirects': [ '1.15.11' ],
716 silly audit   'form-data': [ '4.0.4' ],
716 silly audit   'proxy-from-env': [ '1.1.0' ],
716 silly audit   'color-string': [ '1.9.1' ],
716 silly audit   'simple-swizzle': [ '0.2.4' ],
716 silly audit   '@firebase/ai': [ '2.6.0' ],
716 silly audit   '@firebase/app': [ '0.14.6' ],
716 silly audit   '@firebase/app-types': [ '0.9.3' ],
716 silly audit   '@firebase/analytics': [ '0.10.19' ],
716 silly audit   '@firebase/analytics-compat': [ '0.2.25' ],
716 silly audit   '@firebase/app-compat': [ '0.5.6' ],
716 silly audit   '@firebase/app-check': [ '0.11.0' ],
716 silly audit   '@firebase/app-check-compat': [ '0.4.0' ],
716 silly audit   '@firebase/auth': [ '1.11.1' ],
716 silly audit   '@react-native-async-storage/async-storage': [ '1.24.0' ],
716 silly audit   '@firebase/auth-compat': [ '0.6.1' ],
716 silly audit   '@firebase/data-connect': [ '0.3.12' ],
716 silly audit   '@firebase/database': [ '1.1.0' ],
716 silly audit   '@firebase/database-compat': [ '2.1.0' ],
716 silly audit   '@firebase/firestore': [ '4.9.2' ],
716 silly audit   '@firebase/firestore-compat': [ '0.4.2' ],
716 silly audit   '@firebase/functions': [ '0.13.1' ],
716 silly audit   '@firebase/functions-compat': [ '0.4.1' ],
716 silly audit   '@firebase/installations': [ '0.6.19' ],
716 silly audit   '@firebase/installations-compat': [ '0.2.19' ],
716 silly audit   '@firebase/messaging': [ '0.12.23' ],
716 silly audit   '@firebase/messaging-compat': [ '0.2.23' ],
716 silly audit   '@firebase/performance': [ '0.7.9' ],
716 silly audit   '@firebase/performance-compat': [ '0.2.22' ],
716 silly audit   '@firebase/remote-config': [ '0.7.0' ],
716 silly audit   '@firebase/remote-config-compat': [ '0.2.20' ],
716 silly audit   '@firebase/storage': [ '0.14.0' ],
716 silly audit   '@firebase/storage-compat': [ '0.4.0' ],
716 silly audit   '@firebase/util': [ '1.13.0' ],
716 silly audit   '@firebase/app-check-interop-types': [ '0.3.3' ],
716 silly audit   '@firebase/component': [ '0.7.0' ],
716 silly audit   '@firebase/logger': [ '0.5.0' ],
716 silly audit   tslib: [ '2.8.1' ],
716 silly audit   '@firebase/analytics-types': [ '0.8.3' ],
716 silly audit   idb: [ '7.1.1' ],
716 silly audit   '@firebase/app-check-types': [ '0.5.3' ],
716 silly audit   '@firebase/auth-types': [ '0.13.0' ],
716 silly audit   '@firebase/auth-interop-types': [ '0.2.4' ],
716 silly audit   'faye-websocket': [ '0.11.4' ],
716 silly audit   '@firebase/database-types': [ '1.0.16' ],
716 silly audit   '@firebase/webchannel-wrapper': [ '1.0.5' ],
716 silly audit   '@grpc/grpc-js': [ '1.9.15' ],
716 silly audit   '@grpc/proto-loader': [ '0.7.15' ],
716 silly audit   '@firebase/firestore-types': [ '3.0.3' ],
716 silly audit   '@firebase/messaging-interop-types': [ '0.2.3' ],
716 silly audit   '@firebase/functions-types': [ '0.6.3' ],
716 silly audit   '@firebase/installations-types': [ '0.5.3' ],
716 silly audit   'web-vitals': [ '4.2.4' ],
716 silly audit   '@firebase/performance-types': [ '0.2.3' ],
716 silly audit   '@firebase/remote-config-types': [ '0.5.0' ],
716 silly audit   '@firebase/storage-types': [ '0.8.3' ],
716 silly audit   'lodash.camelcase': [ '4.3.0' ],
716 silly audit   long: [ '5.3.2' ],
716 silly audit   protobufjs: [ '7.5.4' ],
716 silly audit   'websocket-driver': [ '0.7.4' ],
716 silly audit   asynckit: [ '0.4.0' ],
716 silly audit   'combined-stream': [ '1.0.8' ],
716 silly audit   'delayed-stream': [ '1.0.0' ],
716 silly audit   'is-plain-obj': [ '2.1.0' ],
716 silly audit   '@protobufjs/aspromise': [ '1.1.2' ],
716 silly audit   '@protobufjs/base64': [ '1.1.2' ],
716 silly audit   '@protobufjs/codegen': [ '2.0.4' ],
716 silly audit   '@protobufjs/eventemitter': [ '1.1.0' ],
716 silly audit   '@protobufjs/fetch': [ '1.1.0' ],
716 silly audit   '@protobufjs/float': [ '1.0.2' ],
716 silly audit   '@protobufjs/inquire': [ '1.1.0' ],
716 silly audit   '@protobufjs/path': [ '1.1.2' ],
716 silly audit   '@protobufjs/pool': [ '1.1.0' ],
716 silly audit   '@protobufjs/utf8': [ '1.1.0' ],
716 silly audit   'decode-uri-component': [ '0.2.2' ],
716 silly audit   'filter-obj': [ '1.1.0' ],
716 silly audit   'split-on-first': [ '1.1.0' ],
716 silly audit   'strict-uri-encode': [ '2.0.0' ],
716 silly audit   'react-freeze': [ '1.0.4' ],
716 silly audit   'is-arrayish': [ '0.3.4' ],
716 silly audit   'http-parser-js': [ '0.5.10' ],
716 silly audit   'websocket-extensions': [ '0.1.4' ]
716 silly audit }
717 verbose reify failed optional dependency /Users/nikhilmohanty/Documents/reclaim/RecoverVoiceApp/node_modules/lightningcss-win32-x64-msvc
718 silly reify mark deleted [
718 silly reify   '/Users/nikhilmohanty/Documents/reclaim/RecoverVoiceApp/node_modules/lightningcss-win32-x64-msvc'
718 silly reify ]
719 verbose reify failed optional dependency /Users/nikhilmohanty/Documents/reclaim/RecoverVoiceApp/node_modules/lightningcss-win32-arm64-msvc
720 silly reify mark deleted [
720 silly reify   '/Users/nikhilmohanty/Documents/reclaim/RecoverVoiceApp/node_modules/lightningcss-win32-arm64-msvc'
720 silly reify ]
721 verbose reify failed optional dependency /Users/nikhilmohanty/Documents/reclaim/RecoverVoiceApp/node_modules/lightningcss-linux-x64-musl
722 silly reify mark deleted [
722 silly reify   '/Users/nikhilmohanty/Documents/reclaim/RecoverVoiceApp/node_modules/lightningcss-linux-x64-musl'
722 silly reify ]
723 verbose reify failed optional dependency /Users/nikhilmohanty/Documents/reclaim/RecoverVoiceApp/node_modules/lightningcss-linux-x64-gnu
724 silly reify mark deleted [
724 silly reify   '/Users/nikhilmohanty/Documents/reclaim/RecoverVoiceApp/node_modules/lightningcss-linux-x64-gnu'
724 silly reify ]
725 verbose reify failed optional dependency /Users/nikhilmohanty/Documents/reclaim/RecoverVoiceApp/node_modules/lightningcss-linux-arm64-musl
726 silly reify mark deleted [
726 silly reify   '/Users/nikhilmohanty/Documents/reclaim/RecoverVoiceApp/node_modules/lightningcss-linux-arm64-musl'
726 silly reify ]
727 verbose reify failed optional dependency /Users/nikhilmohanty/Documents/reclaim/RecoverVoiceApp/node_modules/lightningcss-linux-arm64-gnu
728 silly reify mark deleted [
728 silly reify   '/Users/nikhilmohanty/Documents/reclaim/RecoverVoiceApp/node_modules/lightningcss-linux-arm64-gnu'
728 silly reify ]
729 verbose reify failed optional dependency /Users/nikhilmohanty/Documents/reclaim/RecoverVoiceApp/node_modules/lightningcss-linux-arm-gnueabihf
730 silly reify mark deleted [
730 silly reify   '/Users/nikhilmohanty/Documents/reclaim/RecoverVoiceApp/node_modules/lightningcss-linux-arm-gnueabihf'
730 silly reify ]
731 verbose reify failed optional dependency /Users/nikhilmohanty/Documents/reclaim/RecoverVoiceApp/node_modules/lightningcss-freebsd-x64
732 silly reify mark deleted [
732 silly reify   '/Users/nikhilmohanty/Documents/reclaim/RecoverVoiceApp/node_modules/lightningcss-freebsd-x64'
732 silly reify ]
733 verbose reify failed optional dependency /Users/nikhilmohanty/Documents/reclaim/RecoverVoiceApp/node_modules/lightningcss-darwin-x64
734 silly reify mark deleted [
734 silly reify   '/Users/nikhilmohanty/Documents/reclaim/RecoverVoiceApp/node_modules/lightningcss-darwin-x64'
734 silly reify ]
735 verbose reify failed optional dependency /Users/nikhilmohanty/Documents/reclaim/RecoverVoiceApp/node_modules/lightningcss-android-arm64
736 silly reify mark deleted [
736 silly reify   '/Users/nikhilmohanty/Documents/reclaim/RecoverVoiceApp/node_modules/lightningcss-android-arm64'
736 silly reify ]
737 http cache http-parser-js@https://registry.npmjs.org/http-parser-js/-/http-parser-js-0.5.10.tgz 0ms (cache hit)
738 http cache websocket-extensions@https://registry.npmjs.org/websocket-extensions/-/websocket-extensions-0.1.4.tgz 0ms (cache hit)
739 http cache react-freeze@https://registry.npmjs.org/react-freeze/-/react-freeze-1.0.4.tgz 0ms (cache hit)
740 http cache strict-uri-encode@https://registry.npmjs.org/strict-uri-encode/-/strict-uri-encode-2.0.0.tgz 0ms (cache hit)
741 http cache is-arrayish@https://registry.npmjs.org/is-arrayish/-/is-arrayish-0.3.4.tgz 0ms (cache hit)
742 http cache filter-obj@https://registry.npmjs.org/filter-obj/-/filter-obj-1.1.0.tgz 0ms (cache hit)
743 http cache @protobufjs/utf8@https://registry.npmjs.org/@protobufjs/utf8/-/utf8-1.1.0.tgz 0ms (cache hit)
744 http cache decode-uri-component@https://registry.npmjs.org/decode-uri-component/-/decode-uri-component-0.2.2.tgz 0ms (cache hit)
745 http cache @protobufjs/pool@https://registry.npmjs.org/@protobufjs/pool/-/pool-1.1.0.tgz 0ms (cache hit)
746 http cache @protobufjs/path@https://registry.npmjs.org/@protobufjs/path/-/path-1.1.2.tgz 0ms (cache hit)
747 http cache @protobufjs/float@https://registry.npmjs.org/@protobufjs/float/-/float-1.0.2.tgz 0ms (cache hit)
748 http cache @protobufjs/inquire@https://registry.npmjs.org/@protobufjs/inquire/-/inquire-1.1.0.tgz 0ms (cache hit)
749 http cache @protobufjs/eventemitter@https://registry.npmjs.org/@protobufjs/eventemitter/-/eventemitter-1.1.0.tgz 0ms (cache hit)
750 http cache split-on-first@https://registry.npmjs.org/split-on-first/-/split-on-first-1.1.0.tgz 0ms (cache hit)
751 http cache @protobufjs/fetch@https://registry.npmjs.org/@protobufjs/fetch/-/fetch-1.1.0.tgz 0ms (cache hit)
752 http cache @protobufjs/base64@https://registry.npmjs.org/@protobufjs/base64/-/base64-1.1.2.tgz 0ms (cache hit)
753 http cache @protobufjs/codegen@https://registry.npmjs.org/@protobufjs/codegen/-/codegen-2.0.4.tgz 0ms (cache hit)
754 http cache @protobufjs/aspromise@https://registry.npmjs.org/@protobufjs/aspromise/-/aspromise-1.1.2.tgz 0ms (cache hit)
755 http cache delayed-stream@https://registry.npmjs.org/delayed-stream/-/delayed-stream-1.0.0.tgz 0ms (cache hit)
756 http cache is-plain-obj@https://registry.npmjs.org/is-plain-obj/-/is-plain-obj-2.1.0.tgz 0ms (cache hit)
757 http cache combined-stream@https://registry.npmjs.org/combined-stream/-/combined-stream-1.0.8.tgz 0ms (cache hit)
758 http cache asynckit@https://registry.npmjs.org/asynckit/-/asynckit-0.4.0.tgz 0ms (cache hit)
759 http cache websocket-driver@https://registry.npmjs.org/websocket-driver/-/websocket-driver-0.7.4.tgz 0ms (cache hit)
760 http cache protobufjs@https://registry.npmjs.org/protobufjs/-/protobufjs-7.5.4.tgz 0ms (cache hit)
761 http cache long@https://registry.npmjs.org/long/-/long-5.3.2.tgz 0ms (cache hit)
762 http cache lodash.camelcase@https://registry.npmjs.org/lodash.camelcase/-/lodash.camelcase-4.3.0.tgz 0ms (cache hit)
763 http cache @firebase/storage-types@https://registry.npmjs.org/@firebase/storage-types/-/storage-types-0.8.3.tgz 0ms (cache hit)
764 http cache @firebase/performance-types@https://registry.npmjs.org/@firebase/performance-types/-/performance-types-0.2.3.tgz 0ms (cache hit)
765 http cache web-vitals@https://registry.npmjs.org/web-vitals/-/web-vitals-4.2.4.tgz 0ms (cache hit)
766 http cache @firebase/installations-types@https://registry.npmjs.org/@firebase/installations-types/-/installations-types-0.5.3.tgz 0ms (cache hit)
767 http cache @firebase/messaging-interop-types@https://registry.npmjs.org/@firebase/messaging-interop-types/-/messaging-interop-types-0.2.3.tgz 0ms (cache hit)
768 http cache @firebase/functions-types@https://registry.npmjs.org/@firebase/functions-types/-/functions-types-0.6.3.tgz 0ms (cache hit)
769 http cache @firebase/remote-config-types@https://registry.npmjs.org/@firebase/remote-config-types/-/remote-config-types-0.5.0.tgz 0ms (cache hit)
770 http cache @firebase/firestore-types@https://registry.npmjs.org/@firebase/firestore-types/-/firestore-types-3.0.3.tgz 0ms (cache hit)
771 http cache @grpc/grpc-js@https://registry.npmjs.org/@grpc/grpc-js/-/grpc-js-1.9.15.tgz 0ms (cache hit)
772 http cache @grpc/proto-loader@https://registry.npmjs.org/@grpc/proto-loader/-/proto-loader-0.7.15.tgz 0ms (cache hit)
773 http cache @firebase/webchannel-wrapper@https://registry.npmjs.org/@firebase/webchannel-wrapper/-/webchannel-wrapper-1.0.5.tgz 0ms (cache hit)
774 http cache @firebase/database-types@https://registry.npmjs.org/@firebase/database-types/-/database-types-1.0.16.tgz 0ms (cache hit)
775 http cache faye-websocket@https://registry.npmjs.org/faye-websocket/-/faye-websocket-0.11.4.tgz 0ms (cache hit)
776 http cache @firebase/auth-types@https://registry.npmjs.org/@firebase/auth-types/-/auth-types-0.13.0.tgz 0ms (cache hit)
777 http cache @firebase/auth-interop-types@https://registry.npmjs.org/@firebase/auth-interop-types/-/auth-interop-types-0.2.4.tgz 0ms (cache hit)
778 http cache @firebase/app-check-types@https://registry.npmjs.org/@firebase/app-check-types/-/app-check-types-0.5.3.tgz 0ms (cache hit)
779 http cache idb@https://registry.npmjs.org/idb/-/idb-7.1.1.tgz 0ms (cache hit)
780 http cache @firebase/analytics-types@https://registry.npmjs.org/@firebase/analytics-types/-/analytics-types-0.8.3.tgz 0ms (cache hit)
781 http cache tslib@https://registry.npmjs.org/tslib/-/tslib-2.8.1.tgz 0ms (cache hit)
782 http cache @firebase/logger@https://registry.npmjs.org/@firebase/logger/-/logger-0.5.0.tgz 0ms (cache hit)
783 http cache @firebase/component@https://registry.npmjs.org/@firebase/component/-/component-0.7.0.tgz 0ms (cache hit)
784 http cache @firebase/app-check-interop-types@https://registry.npmjs.org/@firebase/app-check-interop-types/-/app-check-interop-types-0.3.3.tgz 0ms (cache hit)
785 http cache @firebase/util@https://registry.npmjs.org/@firebase/util/-/util-1.13.0.tgz 0ms (cache hit)
786 http cache @firebase/storage-compat@https://registry.npmjs.org/@firebase/storage-compat/-/storage-compat-0.4.0.tgz 0ms (cache hit)
787 http cache @firebase/storage@https://registry.npmjs.org/@firebase/storage/-/storage-0.14.0.tgz 0ms (cache hit)
788 http cache @firebase/remote-config-compat@https://registry.npmjs.org/@firebase/remote-config-compat/-/remote-config-compat-0.2.20.tgz 0ms (cache hit)
789 http cache @firebase/remote-config@https://registry.npmjs.org/@firebase/remote-config/-/remote-config-0.7.0.tgz 0ms (cache hit)
790 http cache @firebase/performance-compat@https://registry.npmjs.org/@firebase/performance-compat/-/performance-compat-0.2.22.tgz 0ms (cache hit)
791 http cache @firebase/installations-compat@https://registry.npmjs.org/@firebase/installations-compat/-/installations-compat-0.2.19.tgz 0ms (cache hit)
792 http cache @firebase/performance@https://registry.npmjs.org/@firebase/performance/-/performance-0.7.9.tgz 0ms (cache hit)
793 http cache @firebase/messaging-compat@https://registry.npmjs.org/@firebase/messaging-compat/-/messaging-compat-0.2.23.tgz 0ms (cache hit)
794 http cache @firebase/functions@https://registry.npmjs.org/@firebase/functions/-/functions-0.13.1.tgz 0ms (cache hit)
795 http cache @firebase/installations@https://registry.npmjs.org/@firebase/installations/-/installations-0.6.19.tgz 0ms (cache hit)
796 http cache @firebase/functions-compat@https://registry.npmjs.org/@firebase/functions-compat/-/functions-compat-0.4.1.tgz 0ms (cache hit)
797 http cache @firebase/firestore-compat@https://registry.npmjs.org/@firebase/firestore-compat/-/firestore-compat-0.4.2.tgz 0ms (cache hit)
798 http cache @firebase/firestore@https://registry.npmjs.org/@firebase/firestore/-/firestore-4.9.2.tgz 0ms (cache hit)
799 http cache @firebase/database@https://registry.npmjs.org/@firebase/database/-/database-1.1.0.tgz 0ms (cache hit)
800 http cache @firebase/database-compat@https://registry.npmjs.org/@firebase/database-compat/-/database-compat-2.1.0.tgz 0ms (cache hit)
801 http cache @firebase/data-connect@https://registry.npmjs.org/@firebase/data-connect/-/data-connect-0.3.12.tgz 0ms (cache hit)
802 http cache @firebase/auth@https://registry.npmjs.org/@firebase/auth/-/auth-1.11.1.tgz 0ms (cache hit)
803 http cache @firebase/auth-compat@https://registry.npmjs.org/@firebase/auth-compat/-/auth-compat-0.6.1.tgz 0ms (cache hit)
804 http cache @firebase/app-check-compat@https://registry.npmjs.org/@firebase/app-check-compat/-/app-check-compat-0.4.0.tgz 0ms (cache hit)
805 http cache @react-native-async-storage/async-storage@https://registry.npmjs.org/@react-native-async-storage/async-storage/-/async-storage-1.24.0.tgz 0ms (cache hit)
806 http cache @firebase/app-check@https://registry.npmjs.org/@firebase/app-check/-/app-check-0.11.0.tgz 0ms (cache hit)
807 http cache @firebase/app-compat@https://registry.npmjs.org/@firebase/app-compat/-/app-compat-0.5.6.tgz 0ms (cache hit)
808 http cache @firebase/analytics-compat@https://registry.npmjs.org/@firebase/analytics-compat/-/analytics-compat-0.2.25.tgz 0ms (cache hit)
809 http cache @firebase/analytics@https://registry.npmjs.org/@firebase/analytics/-/analytics-0.10.19.tgz 0ms (cache hit)
810 http cache @firebase/app-types@https://registry.npmjs.org/@firebase/app-types/-/app-types-0.9.3.tgz 0ms (cache hit)
811 http cache @firebase/app@https://registry.npmjs.org/@firebase/app/-/app-0.14.6.tgz 0ms (cache hit)
812 http cache @firebase/ai@https://registry.npmjs.org/@firebase/ai/-/ai-2.6.0.tgz 0ms (cache hit)
813 http cache simple-swizzle@https://registry.npmjs.org/simple-swizzle/-/simple-swizzle-0.2.4.tgz 0ms (cache hit)
814 http cache color-string@https://registry.npmjs.org/color-string/-/color-string-1.9.1.tgz 0ms (cache hit)
815 http cache proxy-from-env@https://registry.npmjs.org/proxy-from-env/-/proxy-from-env-1.1.0.tgz 0ms (cache hit)
816 http cache follow-redirects@https://registry.npmjs.org/follow-redirects/-/follow-redirects-1.15.11.tgz 0ms (cache hit)
817 http cache form-data@https://registry.npmjs.org/form-data/-/form-data-4.0.4.tgz 0ms (cache hit)
818 http cache warn-once@https://registry.npmjs.org/warn-once/-/warn-once-0.1.1.tgz 0ms (cache hit)
819 http cache query-string@https://registry.npmjs.org/query-string/-/query-string-7.1.3.tgz 0ms (cache hit)
820 http cache @react-navigation/routers@https://registry.npmjs.org/@react-navigation/routers/-/routers-7.5.1.tgz 0ms (cache hit)
821 http cache use-sync-external-store@https://registry.npmjs.org/use-sync-external-store/-/use-sync-external-store-1.6.0.tgz 0ms (cache hit)
822 http cache use-latest-callback@https://registry.npmjs.org/use-latest-callback/-/use-latest-callback-0.2.6.tgz 0ms (cache hit)
823 http cache @react-navigation/core@https://registry.npmjs.org/@react-navigation/core/-/core-7.13.0.tgz 0ms (cache hit)
824 http cache sf-symbols-typescript@https://registry.npmjs.org/sf-symbols-typescript/-/sf-symbols-typescript-2.1.0.tgz 0ms (cache hit)
825 http cache color@https://registry.npmjs.org/color/-/color-4.2.3.tgz 0ms (cache hit)
826 http cache merge-options@https://registry.npmjs.org/merge-options/-/merge-options-3.0.4.tgz 0ms (cache hit)
827 http cache react-native-screens@https://registry.npmjs.org/react-native-screens/-/react-native-screens-4.18.0.tgz 0ms (cache hit)
828 http cache react-native-safe-area-context@https://registry.npmjs.org/react-native-safe-area-context/-/react-native-safe-area-context-5.6.2.tgz 0ms (cache hit)
829 http cache @firebase/messaging@https://registry.npmjs.org/@firebase/messaging/-/messaging-0.12.23.tgz 0ms (cache hit)
830 http cache firebase@https://registry.npmjs.org/firebase/-/firebase-12.6.0.tgz 0ms (cache hit)
831 http cache expo-linking@https://registry.npmjs.org/expo-linking/-/expo-linking-8.0.8.tgz 0ms (cache hit)
832 http cache expo-linear-gradient@https://registry.npmjs.org/expo-linear-gradient/-/expo-linear-gradient-15.0.7.tgz 0ms (cache hit)
833 http cache expo-constants@https://registry.npmjs.org/expo-constants/-/expo-constants-18.0.10.tgz 0ms (cache hit)
834 http cache axios@https://registry.npmjs.org/axios/-/axios-1.13.2.tgz 0ms (cache hit)
835 http cache @react-navigation/native-stack@https://registry.npmjs.org/@react-navigation/native-stack/-/native-stack-7.6.2.tgz 0ms (cache hit)
836 http cache @react-navigation/native@https://registry.npmjs.org/@react-navigation/native/-/native-7.1.19.tgz 0ms (cache hit)
837 http cache @react-navigation/bottom-tabs@https://registry.npmjs.org/@react-navigation/bottom-tabs/-/bottom-tabs-7.8.4.tgz 0ms (cache hit)
838 http cache expo-font@https://registry.npmjs.org/expo-font/-/expo-font-14.0.9.tgz 0ms (cache hit)
839 http cache @expo/vector-icons@https://registry.npmjs.org/@expo/vector-icons/-/vector-icons-15.0.3.tgz 0ms (cache hit)
840 http cache escape-string-regexp@https://registry.npmjs.org/escape-string-regexp/-/escape-string-regexp-4.0.0.tgz 0ms (cache hit)
841 http cache color-name@https://registry.npmjs.org/color-name/-/color-name-1.1.4.tgz 0ms (cache hit)
842 http cache @react-navigation/elements@https://registry.npmjs.org/@react-navigation/elements/-/elements-2.8.1.tgz 0ms (cache hit)
843 http cache react-is@https://registry.npmjs.org/react-is/-/react-is-19.2.0.tgz 0ms (cache hit)
844 http cache color-convert@https://registry.npmjs.org/color-convert/-/color-convert-2.0.1.tgz 0ms (cache hit)
845 http cache escape-string-regexp@https://registry.npmjs.org/escape-string-regexp/-/escape-string-regexp-4.0.0.tgz 0ms (cache hit)
846 silly tarball no local data for http-parser-js@https://registry.npmjs.org/http-parser-js/-/http-parser-js-0.5.10.tgz. Extracting by manifest.
847 silly tarball no local data for websocket-extensions@https://registry.npmjs.org/websocket-extensions/-/websocket-extensions-0.1.4.tgz. Extracting by manifest.
848 silly tarball no local data for react-freeze@https://registry.npmjs.org/react-freeze/-/react-freeze-1.0.4.tgz. Extracting by manifest.
849 silly tarball no local data for strict-uri-encode@https://registry.npmjs.org/strict-uri-encode/-/strict-uri-encode-2.0.0.tgz. Extracting by manifest.
850 silly tarball no local data for is-arrayish@https://registry.npmjs.org/is-arrayish/-/is-arrayish-0.3.4.tgz. Extracting by manifest.
851 silly tarball no local data for filter-obj@https://registry.npmjs.org/filter-obj/-/filter-obj-1.1.0.tgz. Extracting by manifest.
852 silly tarball no local data for @protobufjs/utf8@https://registry.npmjs.org/@protobufjs/utf8/-/utf8-1.1.0.tgz. Extracting by manifest.
853 silly tarball no local data for decode-uri-component@https://registry.npmjs.org/decode-uri-component/-/decode-uri-component-0.2.2.tgz. Extracting by manifest.
854 silly tarball no local data for @protobufjs/pool@https://registry.npmjs.org/@protobufjs/pool/-/pool-1.1.0.tgz. Extracting by manifest.
855 silly tarball no local data for @protobufjs/path@https://registry.npmjs.org/@protobufjs/path/-/path-1.1.2.tgz. Extracting by manifest.
856 silly tarball no local data for @protobufjs/float@https://registry.npmjs.org/@protobufjs/float/-/float-1.0.2.tgz. Extracting by manifest.
857 silly tarball no local data for @protobufjs/inquire@https://registry.npmjs.org/@protobufjs/inquire/-/inquire-1.1.0.tgz. Extracting by manifest.
858 silly tarball no local data for @protobufjs/eventemitter@https://registry.npmjs.org/@protobufjs/eventemitter/-/eventemitter-1.1.0.tgz. Extracting by manifest.
859 silly tarball no local data for split-on-first@https://registry.npmjs.org/split-on-first/-/split-on-first-1.1.0.tgz. Extracting by manifest.
860 silly tarball no local data for @protobufjs/fetch@https://registry.npmjs.org/@protobufjs/fetch/-/fetch-1.1.0.tgz. Extracting by manifest.
861 silly tarball no local data for @protobufjs/base64@https://registry.npmjs.org/@protobufjs/base64/-/base64-1.1.2.tgz. Extracting by manifest.
862 silly tarball no local data for @protobufjs/codegen@https://registry.npmjs.org/@protobufjs/codegen/-/codegen-2.0.4.tgz. Extracting by manifest.
863 silly tarball no local data for @protobufjs/aspromise@https://registry.npmjs.org/@protobufjs/aspromise/-/aspromise-1.1.2.tgz. Extracting by manifest.
864 silly tarball no local data for delayed-stream@https://registry.npmjs.org/delayed-stream/-/delayed-stream-1.0.0.tgz. Extracting by manifest.
865 silly tarball no local data for is-plain-obj@https://registry.npmjs.org/is-plain-obj/-/is-plain-obj-2.1.0.tgz. Extracting by manifest.
866 silly tarball no local data for combined-stream@https://registry.npmjs.org/combined-stream/-/combined-stream-1.0.8.tgz. Extracting by manifest.
867 silly tarball no local data for asynckit@https://registry.npmjs.org/asynckit/-/asynckit-0.4.0.tgz. Extracting by manifest.
868 silly tarball no local data for websocket-driver@https://registry.npmjs.org/websocket-driver/-/websocket-driver-0.7.4.tgz. Extracting by manifest.
869 silly tarball no local data for protobufjs@https://registry.npmjs.org/protobufjs/-/protobufjs-7.5.4.tgz. Extracting by manifest.
870 silly tarball no local data for long@https://registry.npmjs.org/long/-/long-5.3.2.tgz. Extracting by manifest.
871 silly tarball no local data for lodash.camelcase@https://registry.npmjs.org/lodash.camelcase/-/lodash.camelcase-4.3.0.tgz. Extracting by manifest.
872 silly tarball no local data for @firebase/storage-types@https://registry.npmjs.org/@firebase/storage-types/-/storage-types-0.8.3.tgz. Extracting by manifest.
873 silly tarball no local data for @firebase/performance-types@https://registry.npmjs.org/@firebase/performance-types/-/performance-types-0.2.3.tgz. Extracting by manifest.
874 silly tarball no local data for web-vitals@https://registry.npmjs.org/web-vitals/-/web-vitals-4.2.4.tgz. Extracting by manifest.
875 silly tarball no local data for @firebase/installations-types@https://registry.npmjs.org/@firebase/installations-types/-/installations-types-0.5.3.tgz. Extracting by manifest.
876 silly tarball no local data for @firebase/messaging-interop-types@https://registry.npmjs.org/@firebase/messaging-interop-types/-/messaging-interop-types-0.2.3.tgz. Extracting by manifest.
877 silly tarball no local data for @firebase/functions-types@https://registry.npmjs.org/@firebase/functions-types/-/functions-types-0.6.3.tgz. Extracting by manifest.
878 silly tarball no local data for @firebase/remote-config-types@https://registry.npmjs.org/@firebase/remote-config-types/-/remote-config-types-0.5.0.tgz. Extracting by manifest.
879 silly tarball no local data for @firebase/firestore-types@https://registry.npmjs.org/@firebase/firestore-types/-/firestore-types-3.0.3.tgz. Extracting by manifest.
880 silly tarball no local data for @grpc/grpc-js@https://registry.npmjs.org/@grpc/grpc-js/-/grpc-js-1.9.15.tgz. Extracting by manifest.
881 silly tarball no local data for @grpc/proto-loader@https://registry.npmjs.org/@grpc/proto-loader/-/proto-loader-0.7.15.tgz. Extracting by manifest.
882 silly tarball no local data for @firebase/webchannel-wrapper@https://registry.npmjs.org/@firebase/webchannel-wrapper/-/webchannel-wrapper-1.0.5.tgz. Extracting by manifest.
883 silly tarball no local data for @firebase/database-types@https://registry.npmjs.org/@firebase/database-types/-/database-types-1.0.16.tgz. Extracting by manifest.
884 silly tarball no local data for faye-websocket@https://registry.npmjs.org/faye-websocket/-/faye-websocket-0.11.4.tgz. Extracting by manifest.
885 silly tarball no local data for @firebase/auth-types@https://registry.npmjs.org/@firebase/auth-types/-/auth-types-0.13.0.tgz. Extracting by manifest.
886 silly tarball no local data for @firebase/auth-interop-types@https://registry.npmjs.org/@firebase/auth-interop-types/-/auth-interop-types-0.2.4.tgz. Extracting by manifest.
887 silly tarball no local data for @firebase/app-check-types@https://registry.npmjs.org/@firebase/app-check-types/-/app-check-types-0.5.3.tgz. Extracting by manifest.
888 silly tarball no local data for idb@https://registry.npmjs.org/idb/-/idb-7.1.1.tgz. Extracting by manifest.
889 silly tarball no local data for @firebase/analytics-types@https://registry.npmjs.org/@firebase/analytics-types/-/analytics-types-0.8.3.tgz. Extracting by manifest.
890 silly tarball no local data for tslib@https://registry.npmjs.org/tslib/-/tslib-2.8.1.tgz. Extracting by manifest.
891 silly tarball no local data for @firebase/logger@https://registry.npmjs.org/@firebase/logger/-/logger-0.5.0.tgz. Extracting by manifest.
892 silly tarball no local data for @firebase/component@https://registry.npmjs.org/@firebase/component/-/component-0.7.0.tgz. Extracting by manifest.
893 silly tarball no local data for @firebase/app-check-interop-types@https://registry.npmjs.org/@firebase/app-check-interop-types/-/app-check-interop-types-0.3.3.tgz. Extracting by manifest.
894 silly tarball no local data for @firebase/util@https://registry.npmjs.org/@firebase/util/-/util-1.13.0.tgz. Extracting by manifest.
895 silly tarball no local data for @firebase/storage-compat@https://registry.npmjs.org/@firebase/storage-compat/-/storage-compat-0.4.0.tgz. Extracting by manifest.
896 silly tarball no local data for @firebase/storage@https://registry.npmjs.org/@firebase/storage/-/storage-0.14.0.tgz. Extracting by manifest.
897 silly tarball no local data for @firebase/remote-config-compat@https://registry.npmjs.org/@firebase/remote-config-compat/-/remote-config-compat-0.2.20.tgz. Extracting by manifest.
898 silly tarball no local data for @firebase/remote-config@https://registry.npmjs.org/@firebase/remote-config/-/remote-config-0.7.0.tgz. Extracting by manifest.
899 silly tarball no local data for @firebase/performance-compat@https://registry.npmjs.org/@firebase/performance-compat/-/performance-compat-0.2.22.tgz. Extracting by manifest.
900 silly tarball no local data for @firebase/installations-compat@https://registry.npmjs.org/@firebase/installations-compat/-/installations-compat-0.2.19.tgz. Extracting by manifest.
901 silly tarball no local data for @firebase/performance@https://registry.npmjs.org/@firebase/performance/-/performance-0.7.9.tgz. Extracting by manifest.
902 silly tarball no local data for @firebase/messaging-compat@https://registry.npmjs.org/@firebase/messaging-compat/-/messaging-compat-0.2.23.tgz. Extracting by manifest.
903 silly tarball no local data for @firebase/functions@https://registry.npmjs.org/@firebase/functions/-/functions-0.13.1.tgz. Extracting by manifest.
904 silly tarball no local data for @firebase/installations@https://registry.npmjs.org/@firebase/installations/-/installations-0.6.19.tgz. Extracting by manifest.
905 silly tarball no local data for @firebase/functions-compat@https://registry.npmjs.org/@firebase/functions-compat/-/functions-compat-0.4.1.tgz. Extracting by manifest.
906 silly tarball no local data for @firebase/firestore-compat@https://registry.npmjs.org/@firebase/firestore-compat/-/firestore-compat-0.4.2.tgz. Extracting by manifest.
907 silly tarball no local data for @firebase/firestore@https://registry.npmjs.org/@firebase/firestore/-/firestore-4.9.2.tgz. Extracting by manifest.
908 silly tarball no local data for @firebase/database@https://registry.npmjs.org/@firebase/database/-/database-1.1.0.tgz. Extracting by manifest.
909 silly tarball no local data for @firebase/database-compat@https://registry.npmjs.org/@firebase/database-compat/-/database-compat-2.1.0.tgz. Extracting by manifest.
910 silly tarball no local data for @firebase/data-connect@https://registry.npmjs.org/@firebase/data-connect/-/data-connect-0.3.12.tgz. Extracting by manifest.
911 silly tarball no local data for @firebase/auth@https://registry.npmjs.org/@firebase/auth/-/auth-1.11.1.tgz. Extracting by manifest.
912 silly tarball no local data for @firebase/auth-compat@https://registry.npmjs.org/@firebase/auth-compat/-/auth-compat-0.6.1.tgz. Extracting by manifest.
913 silly tarball no local data for @firebase/app-check-compat@https://registry.npmjs.org/@firebase/app-check-compat/-/app-check-compat-0.4.0.tgz. Extracting by manifest.
914 silly tarball no local data for @react-native-async-storage/async-storage@https://registry.npmjs.org/@react-native-async-storage/async-storage/-/async-storage-1.24.0.tgz. Extracting by manifest.
915 silly tarball no local data for @firebase/app-check@https://registry.npmjs.org/@firebase/app-check/-/app-check-0.11.0.tgz. Extracting by manifest.
916 silly tarball no local data for @firebase/app-compat@https://registry.npmjs.org/@firebase/app-compat/-/app-compat-0.5.6.tgz. Extracting by manifest.
917 silly tarball no local data for @firebase/analytics-compat@https://registry.npmjs.org/@firebase/analytics-compat/-/analytics-compat-0.2.25.tgz. Extracting by manifest.
918 silly tarball no local data for @firebase/analytics@https://registry.npmjs.org/@firebase/analytics/-/analytics-0.10.19.tgz. Extracting by manifest.
919 silly tarball no local data for @firebase/app-types@https://registry.npmjs.org/@firebase/app-types/-/app-types-0.9.3.tgz. Extracting by manifest.
920 silly tarball no local data for @firebase/app@https://registry.npmjs.org/@firebase/app/-/app-0.14.6.tgz. Extracting by manifest.
921 silly tarball no local data for @firebase/ai@https://registry.npmjs.org/@firebase/ai/-/ai-2.6.0.tgz. Extracting by manifest.
922 silly tarball no local data for simple-swizzle@https://registry.npmjs.org/simple-swizzle/-/simple-swizzle-0.2.4.tgz. Extracting by manifest.
923 silly tarball no local data for color-string@https://registry.npmjs.org/color-string/-/color-string-1.9.1.tgz. Extracting by manifest.
924 silly tarball no local data for proxy-from-env@https://registry.npmjs.org/proxy-from-env/-/proxy-from-env-1.1.0.tgz. Extracting by manifest.
925 silly tarball no local data for follow-redirects@https://registry.npmjs.org/follow-redirects/-/follow-redirects-1.15.11.tgz. Extracting by manifest.
926 silly tarball no local data for form-data@https://registry.npmjs.org/form-data/-/form-data-4.0.4.tgz. Extracting by manifest.
927 silly tarball no local data for warn-once@https://registry.npmjs.org/warn-once/-/warn-once-0.1.1.tgz. Extracting by manifest.
928 silly tarball no local data for query-string@https://registry.npmjs.org/query-string/-/query-string-7.1.3.tgz. Extracting by manifest.
929 silly tarball no local data for @react-navigation/routers@https://registry.npmjs.org/@react-navigation/routers/-/routers-7.5.1.tgz. Extracting by manifest.
930 silly tarball no local data for use-sync-external-store@https://registry.npmjs.org/use-sync-external-store/-/use-sync-external-store-1.6.0.tgz. Extracting by manifest.
931 silly tarball no local data for use-latest-callback@https://registry.npmjs.org/use-latest-callback/-/use-latest-callback-0.2.6.tgz. Extracting by manifest.
932 silly tarball no local data for @react-navigation/core@https://registry.npmjs.org/@react-navigation/core/-/core-7.13.0.tgz. Extracting by manifest.
933 silly tarball no local data for sf-symbols-typescript@https://registry.npmjs.org/sf-symbols-typescript/-/sf-symbols-typescript-2.1.0.tgz. Extracting by manifest.
934 silly tarball no local data for color@https://registry.npmjs.org/color/-/color-4.2.3.tgz. Extracting by manifest.
935 silly tarball no local data for merge-options@https://registry.npmjs.org/merge-options/-/merge-options-3.0.4.tgz. Extracting by manifest.
936 silly tarball no local data for react-native-screens@https://registry.npmjs.org/react-native-screens/-/react-native-screens-4.18.0.tgz. Extracting by manifest.
937 silly tarball no local data for react-native-safe-area-context@https://registry.npmjs.org/react-native-safe-area-context/-/react-native-safe-area-context-5.6.2.tgz. Extracting by manifest.
938 silly tarball no local data for @firebase/messaging@https://registry.npmjs.org/@firebase/messaging/-/messaging-0.12.23.tgz. Extracting by manifest.
939 silly tarball no local data for firebase@https://registry.npmjs.org/firebase/-/firebase-12.6.0.tgz. Extracting by manifest.
940 silly tarball no local data for expo-linking@https://registry.npmjs.org/expo-linking/-/expo-linking-8.0.8.tgz. Extracting by manifest.
941 silly tarball no local data for expo-linear-gradient@https://registry.npmjs.org/expo-linear-gradient/-/expo-linear-gradient-15.0.7.tgz. Extracting by manifest.
942 silly tarball no local data for expo-constants@https://registry.npmjs.org/expo-constants/-/expo-constants-18.0.10.tgz. Extracting by manifest.
943 silly tarball no local data for axios@https://registry.npmjs.org/axios/-/axios-1.13.2.tgz. Extracting by manifest.
944 silly tarball no local data for @react-navigation/native-stack@https://registry.npmjs.org/@react-navigation/native-stack/-/native-stack-7.6.2.tgz. Extracting by manifest.
945 silly tarball no local data for @react-navigation/native@https://registry.npmjs.org/@react-navigation/native/-/native-7.1.19.tgz. Extracting by manifest.
946 silly tarball no local data for @react-navigation/bottom-tabs@https://registry.npmjs.org/@react-navigation/bottom-tabs/-/bottom-tabs-7.8.4.tgz. Extracting by manifest.
947 silly tarball no local data for expo-font@https://registry.npmjs.org/expo-font/-/expo-font-14.0.9.tgz. Extracting by manifest.
948 silly tarball no local data for @expo/vector-icons@https://registry.npmjs.org/@expo/vector-icons/-/vector-icons-15.0.3.tgz. Extracting by manifest.
949 silly tarball no local data for escape-string-regexp@https://registry.npmjs.org/escape-string-regexp/-/escape-string-regexp-4.0.0.tgz. Extracting by manifest.
950 silly tarball no local data for color-name@https://registry.npmjs.org/color-name/-/color-name-1.1.4.tgz. Extracting by manifest.
951 silly tarball no local data for @react-navigation/elements@https://registry.npmjs.org/@react-navigation/elements/-/elements-2.8.1.tgz. Extracting by manifest.
952 silly tarball no local data for react-is@https://registry.npmjs.org/react-is/-/react-is-19.2.0.tgz. Extracting by manifest.
953 silly tarball no local data for color-convert@https://registry.npmjs.org/color-convert/-/color-convert-2.0.1.tgz. Extracting by manifest.
954 silly tarball no local data for escape-string-regexp@https://registry.npmjs.org/escape-string-regexp/-/escape-string-regexp-4.0.0.tgz. Extracting by manifest.
955 http fetch GET 200 https://registry.npmjs.org/http-parser-js/-/http-parser-js-0.5.10.tgz 45ms (cache miss)
956 http fetch GET 200 https://registry.npmjs.org/is-arrayish/-/is-arrayish-0.3.4.tgz 45ms (cache miss)
957 http fetch GET 200 https://registry.npmjs.org/strict-uri-encode/-/strict-uri-encode-2.0.0.tgz 45ms (cache miss)
958 http fetch GET 200 https://registry.npmjs.org/decode-uri-component/-/decode-uri-component-0.2.2.tgz 45ms (cache miss)
959 http fetch GET 200 https://registry.npmjs.org/filter-obj/-/filter-obj-1.1.0.tgz 46ms (cache miss)
960 http fetch GET 200 https://registry.npmjs.org/websocket-extensions/-/websocket-extensions-0.1.4.tgz 46ms (cache miss)
961 http fetch GET 200 https://registry.npmjs.org/@protobufjs/utf8/-/utf8-1.1.0.tgz 49ms (cache miss)
962 http fetch GET 200 https://registry.npmjs.org/react-freeze/-/react-freeze-1.0.4.tgz 50ms (cache miss)
963 http fetch GET 200 https://registry.npmjs.org/@protobufjs/pool/-/pool-1.1.0.tgz 53ms (cache miss)
964 http fetch GET 200 https://registry.npmjs.org/delayed-stream/-/delayed-stream-1.0.0.tgz 64ms (cache miss)
965 http fetch GET 200 https://registry.npmjs.org/combined-stream/-/combined-stream-1.0.8.tgz 72ms (cache miss)
966 http fetch GET 200 https://registry.npmjs.org/is-plain-obj/-/is-plain-obj-2.1.0.tgz 72ms (cache miss)
967 http fetch GET 200 https://registry.npmjs.org/@protobufjs/base64/-/base64-1.1.2.tgz 73ms (cache miss)
968 http fetch GET 200 https://registry.npmjs.org/asynckit/-/asynckit-0.4.0.tgz 74ms (cache miss)
969 http fetch POST 200 https://registry.npmjs.org/-/npm/v1/security/advisories/bulk 91ms
970 silly audit report {
970 silly audit report   tar: [
970 silly audit report     {
970 silly audit report       id: 1109463,
970 silly audit report       url: 'https://github.com/advisories/GHSA-29xp-372q-xqph',
970 silly audit report       title: 'node-tar has a race condition leading to uninitialized memory exposure',
970 silly audit report       severity: 'moderate',
970 silly audit report       vulnerable_versions: '=7.5.1',
970 silly audit report       cwe: [Array],
970 silly audit report       cvss: [Object]
970 silly audit report     }
970 silly audit report   ]
970 silly audit report }
971 silly packumentCache corgi:https://registry.npmjs.org/tar cache-miss
972 http fetch GET 200 https://registry.npmjs.org/@protobufjs/eventemitter/-/eventemitter-1.1.0.tgz 83ms (cache miss)
973 http fetch GET 200 https://registry.npmjs.org/@protobufjs/fetch/-/fetch-1.1.0.tgz 83ms (cache miss)
974 http fetch GET 200 https://registry.npmjs.org/@protobufjs/aspromise/-/aspromise-1.1.2.tgz 84ms (cache miss)
975 http fetch GET 200 https://registry.npmjs.org/@protobufjs/float/-/float-1.0.2.tgz 84ms (cache miss)
976 http fetch GET 200 https://registry.npmjs.org/@protobufjs/codegen/-/codegen-2.0.4.tgz 85ms (cache miss)
977 http fetch GET 200 https://registry.npmjs.org/split-on-first/-/split-on-first-1.1.0.tgz 85ms (cache miss)
978 http fetch GET 200 https://registry.npmjs.org/websocket-driver/-/websocket-driver-0.7.4.tgz 85ms (cache miss)
979 http fetch GET 200 https://registry.npmjs.org/@protobufjs/path/-/path-1.1.2.tgz 89ms (cache miss)
980 http fetch GET 200 https://registry.npmjs.org/long/-/long-5.3.2.tgz 100ms (cache miss)
981 http fetch GET 200 https://registry.npmjs.org/@protobufjs/inquire/-/inquire-1.1.0.tgz 103ms (cache miss)
982 http fetch GET 200 https://registry.npmjs.org/lodash.camelcase/-/lodash.camelcase-4.3.0.tgz 102ms (cache miss)
983 http fetch GET 200 https://registry.npmjs.org/@firebase/storage-types/-/storage-types-0.8.3.tgz 108ms (cache miss)
984 http fetch GET 200 https://registry.npmjs.org/@firebase/messaging-interop-types/-/messaging-interop-types-0.2.3.tgz 116ms (cache miss)
985 http fetch GET 200 https://registry.npmjs.org/@firebase/performance-types/-/performance-types-0.2.3.tgz 116ms (cache miss)
986 http fetch GET 200 https://registry.npmjs.org/@firebase/functions-types/-/functions-types-0.6.3.tgz 117ms (cache miss)
987 http fetch GET 200 https://registry.npmjs.org/@firebase/installations-types/-/installations-types-0.5.3.tgz 127ms (cache miss)
988 http fetch GET 200 https://registry.npmjs.org/@firebase/firestore-types/-/firestore-types-3.0.3.tgz 129ms (cache miss)
989 http fetch GET 200 https://registry.npmjs.org/@firebase/remote-config-types/-/remote-config-types-0.5.0.tgz 129ms (cache miss)
990 http fetch GET 200 https://registry.npmjs.org/@grpc/proto-loader/-/proto-loader-0.7.15.tgz 130ms (cache miss)
991 http fetch GET 200 https://registry.npmjs.org/faye-websocket/-/faye-websocket-0.11.4.tgz 130ms (cache miss)
992 http fetch GET 200 https://registry.npmjs.org/web-vitals/-/web-vitals-4.2.4.tgz 136ms (cache miss)
993 http fetch GET 200 https://registry.npmjs.org/@firebase/auth-types/-/auth-types-0.13.0.tgz 137ms (cache miss)
994 http fetch GET 200 https://registry.npmjs.org/idb/-/idb-7.1.1.tgz 139ms (cache miss)
995 http fetch GET 200 https://registry.npmjs.org/protobufjs/-/protobufjs-7.5.4.tgz 145ms (cache miss)
996 http fetch GET 200 https://registry.npmjs.org/@firebase/app-check-types/-/app-check-types-0.5.3.tgz 145ms (cache miss)
997 http fetch GET 200 https://registry.npmjs.org/@firebase/analytics-types/-/analytics-types-0.8.3.tgz 157ms (cache miss)
998 http fetch GET 200 https://registry.npmjs.org/tslib/-/tslib-2.8.1.tgz 157ms (cache miss)
999 http fetch GET 200 https://registry.npmjs.org/@firebase/auth-interop-types/-/auth-interop-types-0.2.4.tgz 158ms (cache miss)
1000 http fetch GET 200 https://registry.npmjs.org/@firebase/logger/-/logger-0.5.0.tgz 162ms (cache miss)
1001 http fetch GET 200 https://registry.npmjs.org/@firebase/app-check-interop-types/-/app-check-interop-types-0.3.3.tgz 164ms (cache miss)
1002 http fetch GET 200 https://registry.npmjs.org/@firebase/webchannel-wrapper/-/webchannel-wrapper-1.0.5.tgz 165ms (cache miss)
1003 http fetch GET 200 https://registry.npmjs.org/@firebase/component/-/component-0.7.0.tgz 172ms (cache miss)
1004 http fetch GET 200 https://registry.npmjs.org/@firebase/remote-config-compat/-/remote-config-compat-0.2.20.tgz 173ms (cache miss)
1005 http fetch GET 200 https://registry.npmjs.org/@firebase/database-types/-/database-types-1.0.16.tgz 181ms (cache miss)
1006 http fetch GET 200 https://registry.npmjs.org/@firebase/storage-compat/-/storage-compat-0.4.0.tgz 184ms (cache miss)
1007 http fetch GET 200 https://registry.npmjs.org/@firebase/messaging-compat/-/messaging-compat-0.2.23.tgz 188ms (cache miss)
1008 http fetch GET 200 https://registry.npmjs.org/@firebase/performance-compat/-/performance-compat-0.2.22.tgz 202ms (cache miss)
1009 http fetch GET 200 https://registry.npmjs.org/@firebase/functions-compat/-/functions-compat-0.4.1.tgz 204ms (cache miss)
1010 http fetch GET 200 https://registry.npmjs.org/@firebase/installations-compat/-/installations-compat-0.2.19.tgz 206ms (cache miss)
1011 http fetch GET 200 https://registry.npmjs.org/@firebase/functions/-/functions-0.13.1.tgz 222ms (cache miss)
1012 http fetch GET 200 https://registry.npmjs.org/@firebase/remote-config/-/remote-config-0.7.0.tgz 222ms (cache miss)
1013 http fetch GET 200 https://registry.npmjs.org/@firebase/util/-/util-1.13.0.tgz 231ms (cache miss)
1014 http fetch GET 200 https://registry.npmjs.org/@firebase/performance/-/performance-0.7.9.tgz 232ms (cache miss)
1015 http fetch GET 200 https://registry.npmjs.org/@firebase/installations/-/installations-0.6.19.tgz 237ms (cache miss)
1016 http fetch GET 200 https://registry.npmjs.org/@firebase/app-check-compat/-/app-check-compat-0.4.0.tgz 240ms (cache miss)
1017 http fetch GET 200 https://registry.npmjs.org/@firebase/app-types/-/app-types-0.9.3.tgz 257ms (cache miss)
1018 http fetch GET 200 https://registry.npmjs.org/@firebase/analytics-compat/-/analytics-compat-0.2.25.tgz 259ms (cache miss)
1019 http fetch GET 200 https://registry.npmjs.org/@firebase/storage/-/storage-0.14.0.tgz 265ms (cache miss)
1020 http fetch GET 200 https://registry.npmjs.org/@firebase/firestore-compat/-/firestore-compat-0.4.2.tgz 270ms (cache miss)
1021 http fetch GET 200 https://registry.npmjs.org/color-string/-/color-string-1.9.1.tgz 272ms (cache miss)
1022 http fetch GET 200 https://registry.npmjs.org/simple-swizzle/-/simple-swizzle-0.2.4.tgz 272ms (cache miss)
1023 http fetch GET 200 https://registry.npmjs.org/@firebase/app-compat/-/app-compat-0.5.6.tgz 272ms (cache miss)
1024 http fetch GET 200 https://registry.npmjs.org/follow-redirects/-/follow-redirects-1.15.11.tgz 283ms (cache miss)
1025 http fetch GET 200 https://registry.npmjs.org/proxy-from-env/-/proxy-from-env-1.1.0.tgz 288ms (cache miss)
1026 http fetch GET 200 https://registry.npmjs.org/query-string/-/query-string-7.1.3.tgz 288ms (cache miss)
1027 http fetch GET 200 https://registry.npmjs.org/use-sync-external-store/-/use-sync-external-store-1.6.0.tgz 290ms (cache miss)
1028 http fetch GET 200 https://registry.npmjs.org/@firebase/app/-/app-0.14.6.tgz 292ms (cache miss)
1029 http fetch GET 200 https://registry.npmjs.org/@firebase/analytics/-/analytics-0.10.19.tgz 306ms (cache miss)
1030 http fetch GET 200 https://registry.npmjs.org/color/-/color-4.2.3.tgz 306ms (cache miss)
1031 http fetch GET 200 https://registry.npmjs.org/form-data/-/form-data-4.0.4.tgz 306ms (cache miss)
1032 http fetch GET 200 https://registry.npmjs.org/sf-symbols-typescript/-/sf-symbols-typescript-2.1.0.tgz 308ms (cache miss)
1033 http fetch GET 200 https://registry.npmjs.org/@firebase/app-check/-/app-check-0.11.0.tgz 309ms (cache miss)
1034 http fetch GET 200 https://registry.npmjs.org/use-latest-callback/-/use-latest-callback-0.2.6.tgz 311ms (cache miss)
1035 http fetch GET 200 https://registry.npmjs.org/warn-once/-/warn-once-0.1.1.tgz 313ms (cache miss)
1036 http fetch GET 200 https://registry.npmjs.org/merge-options/-/merge-options-3.0.4.tgz 314ms (cache miss)
1037 http fetch GET 200 https://registry.npmjs.org/@grpc/grpc-js/-/grpc-js-1.9.15.tgz 323ms (cache miss)
1038 http fetch GET 200 https://registry.npmjs.org/@firebase/data-connect/-/data-connect-0.3.12.tgz 327ms (cache miss)
1039 http fetch GET 200 https://registry.npmjs.org/@react-navigation/routers/-/routers-7.5.1.tgz 338ms (cache miss)
1040 http fetch GET 200 https://registry.npmjs.org/@firebase/auth-compat/-/auth-compat-0.6.1.tgz 343ms (cache miss)
1041 http fetch GET 200 https://registry.npmjs.org/@firebase/database-compat/-/database-compat-2.1.0.tgz 344ms (cache miss)
1042 http fetch GET 200 https://registry.npmjs.org/expo-constants/-/expo-constants-18.0.10.tgz 370ms (cache miss)
1043 http fetch GET 200 https://registry.npmjs.org/color-name/-/color-name-1.1.4.tgz 373ms (cache miss)
1044 http fetch GET 200 https://registry.npmjs.org/expo-linear-gradient/-/expo-linear-gradient-15.0.7.tgz 381ms (cache miss)
1045 http fetch GET 200 https://registry.npmjs.org/escape-string-regexp/-/escape-string-regexp-4.0.0.tgz 381ms (cache miss)
1046 http fetch GET 200 https://registry.npmjs.org/@react-native-async-storage/async-storage/-/async-storage-1.24.0.tgz 392ms (cache miss)
1047 http fetch GET 200 https://registry.npmjs.org/expo-linking/-/expo-linking-8.0.8.tgz 408ms (cache miss)
1048 http fetch GET 200 https://registry.npmjs.org/escape-string-regexp/-/escape-string-regexp-4.0.0.tgz 413ms (cache miss)
1049 http fetch GET 200 https://registry.npmjs.org/color-convert/-/color-convert-2.0.1.tgz 415ms (cache miss)
1050 http fetch GET 200 https://registry.npmjs.org/tar 348ms (cache miss)
1051 silly packumentCache corgi:https://registry.npmjs.org/tar set size:undefined disposed:false
1052 http fetch GET 200 https://registry.npmjs.org/react-is/-/react-is-19.2.0.tgz 423ms (cache miss)
1053 silly packumentCache corgi:https://registry.npmjs.org/@expo%2fcli cache-miss
1054 http fetch GET 200 https://registry.npmjs.org/@react-navigation/native-stack/-/native-stack-7.6.2.tgz 467ms (cache miss)
1055 http fetch GET 200 https://registry.npmjs.org/react-native-safe-area-context/-/react-native-safe-area-context-5.6.2.tgz 469ms (cache miss)
1056 http fetch GET 200 https://registry.npmjs.org/@firebase/messaging/-/messaging-0.12.23.tgz 469ms (cache miss)
1057 http fetch GET 200 https://registry.npmjs.org/expo-font/-/expo-font-14.0.9.tgz 482ms (cache miss)
1058 http fetch GET 200 https://registry.npmjs.org/@react-navigation/native/-/native-7.1.19.tgz 487ms (cache miss)
1059 http fetch GET 200 https://registry.npmjs.org/@firebase/ai/-/ai-2.6.0.tgz 507ms (cache miss)
1060 http fetch GET 200 https://registry.npmjs.org/axios/-/axios-1.13.2.tgz 509ms (cache miss)
1061 http fetch GET 200 https://registry.npmjs.org/@react-navigation/bottom-tabs/-/bottom-tabs-7.8.4.tgz 513ms (cache miss)
1062 http fetch GET 200 https://registry.npmjs.org/@react-navigation/elements/-/elements-2.8.1.tgz 535ms (cache miss)
1063 http fetch GET 200 https://registry.npmjs.org/@react-navigation/core/-/core-7.13.0.tgz 538ms (cache miss)
1064 http fetch GET 200 https://registry.npmjs.org/@firebase/database/-/database-1.1.0.tgz 576ms (cache miss)
1065 http fetch GET 200 https://registry.npmjs.org/@expo/vector-icons/-/vector-icons-15.0.3.tgz 691ms (cache miss)
1066 http fetch GET 200 https://registry.npmjs.org/@expo%2fcli 328ms (cache miss)
1067 silly packumentCache corgi:https://registry.npmjs.org/@expo%2fcli set size:undefined disposed:false
1068 http fetch GET 200 https://registry.npmjs.org/react-native-screens/-/react-native-screens-4.18.0.tgz 821ms (cache miss)
1069 http fetch GET 200 https://registry.npmjs.org/@firebase/firestore/-/firestore-4.9.2.tgz 1066ms (cache miss)
1070 http fetch GET 200 https://registry.npmjs.org/@firebase/auth/-/auth-1.11.1.tgz 1084ms (cache miss)
1071 http fetch GET 200 https://registry.npmjs.org/firebase/-/firebase-12.6.0.tgz 1521ms (cache miss)
1072 info run @firebase/util@1.13.0 postinstall node_modules/@firebase/util node ./postinstall.js
1073 info run protobufjs@7.5.4 postinstall node_modules/protobufjs node scripts/postinstall
1074 info run @firebase/util@1.13.0 postinstall { code: 0, signal: null }
1075 info run protobufjs@7.5.4 postinstall { code: 0, signal: null }
1076 silly ADD node_modules/websocket-extensions
1077 silly ADD node_modules/http-parser-js
1078 silly ADD node_modules/is-arrayish
1079 silly ADD node_modules/react-freeze
1080 silly ADD node_modules/strict-uri-encode
1081 silly ADD node_modules/split-on-first
1082 silly ADD node_modules/filter-obj
1083 silly ADD node_modules/decode-uri-component
1084 silly ADD node_modules/@protobufjs/utf8
1085 silly ADD node_modules/@protobufjs/pool
1086 silly ADD node_modules/@protobufjs/path
1087 silly ADD node_modules/@protobufjs/inquire
1088 silly ADD node_modules/@protobufjs/float
1089 silly ADD node_modules/@protobufjs/fetch
1090 silly ADD node_modules/@protobufjs/eventemitter
1091 silly ADD node_modules/@protobufjs/codegen
1092 silly ADD node_modules/@protobufjs/base64
1093 silly ADD node_modules/@protobufjs/aspromise
1094 silly ADD node_modules/is-plain-obj
1095 silly ADD node_modules/delayed-stream
1096 silly ADD node_modules/combined-stream
1097 silly ADD node_modules/asynckit
1098 silly ADD node_modules/websocket-driver
1099 silly ADD node_modules/protobufjs
1100 silly ADD node_modules/long
1101 silly ADD node_modules/lodash.camelcase
1102 silly ADD node_modules/@firebase/storage-types
1103 silly ADD node_modules/@firebase/remote-config-types
1104 silly ADD node_modules/@firebase/performance-types
1105 silly ADD node_modules/web-vitals
1106 silly ADD node_modules/@firebase/installations-types
1107 silly ADD node_modules/@firebase/functions-types
1108 silly ADD node_modules/@firebase/messaging-interop-types
1109 silly ADD node_modules/@firebase/firestore-types
1110 silly ADD node_modules/@grpc/proto-loader
1111 silly ADD node_modules/@grpc/grpc-js
1112 silly ADD node_modules/@firebase/webchannel-wrapper
1113 silly ADD node_modules/@firebase/database-types
1114 silly ADD node_modules/faye-websocket
1115 silly ADD node_modules/@firebase/auth-interop-types
1116 silly ADD node_modules/@firebase/auth-types
1117 silly ADD node_modules/@firebase/app-check-types
1118 silly ADD node_modules/idb
1119 silly ADD node_modules/@firebase/analytics-types
1120 silly ADD node_modules/tslib
1121 silly ADD node_modules/@firebase/logger
1122 silly ADD node_modules/@firebase/component
1123 silly ADD node_modules/@firebase/app-check-interop-types
1124 silly ADD node_modules/@firebase/util
1125 silly ADD node_modules/@firebase/storage-compat
1126 silly ADD node_modules/@firebase/storage
1127 silly ADD node_modules/@firebase/remote-config-compat
1128 silly ADD node_modules/@firebase/remote-config
1129 silly ADD node_modules/@firebase/performance-compat
1130 silly ADD node_modules/@firebase/performance
1131 silly ADD node_modules/@firebase/messaging-compat
1132 silly ADD node_modules/@firebase/messaging
1133 silly ADD node_modules/@firebase/installations-compat
1134 silly ADD node_modules/@firebase/installations
1135 silly ADD node_modules/@firebase/functions-compat
1136 silly ADD node_modules/@firebase/functions
1137 silly ADD node_modules/@firebase/firestore-compat
1138 silly ADD node_modules/@firebase/firestore
1139 silly ADD node_modules/@firebase/database-compat
1140 silly ADD node_modules/@firebase/database
1141 silly ADD node_modules/@firebase/data-connect
1142 silly ADD node_modules/@firebase/auth-compat
1143 silly ADD node_modules/@react-native-async-storage/async-storage
1144 silly ADD node_modules/@firebase/auth
1145 silly ADD node_modules/@firebase/app-check-compat
1146 silly ADD node_modules/@firebase/app-check
1147 silly ADD node_modules/@firebase/app-compat
1148 silly ADD node_modules/@firebase/analytics-compat
1149 silly ADD node_modules/@firebase/analytics
1150 silly ADD node_modules/@firebase/app-types
1151 silly ADD node_modules/@firebase/app
1152 silly ADD node_modules/@firebase/ai
1153 silly ADD node_modules/simple-swizzle
1154 silly ADD node_modules/color-string
1155 silly ADD node_modules/proxy-from-env
1156 silly ADD node_modules/form-data
1157 silly ADD node_modules/follow-redirects
1158 silly ADD node_modules/warn-once
1159 silly ADD node_modules/query-string
1160 silly ADD node_modules/@react-navigation/routers
1161 silly ADD node_modules/@react-navigation/core
1162 silly ADD node_modules/@react-navigation/core/node_modules/react-is
1163 silly ADD node_modules/@react-navigation/core/node_modules/escape-string-regexp
1164 silly ADD node_modules/use-sync-external-store
1165 silly ADD node_modules/use-latest-callback
1166 silly ADD node_modules/sf-symbols-typescript
1167 silly ADD node_modules/color
1168 silly ADD node_modules/color/node_modules/color-name
1169 silly ADD node_modules/color/node_modules/color-convert
1170 silly ADD node_modules/@react-navigation/elements
1171 silly ADD node_modules/merge-options
1172 silly ADD node_modules/react-native-screens
1173 silly ADD node_modules/react-native-safe-area-context
1174 silly ADD node_modules/firebase
1175 silly ADD node_modules/expo-linking
1176 silly ADD node_modules/expo-linear-gradient
1177 silly ADD node_modules/expo-constants
1178 silly ADD node_modules/axios
1179 silly ADD node_modules/@react-navigation/native-stack
1180 silly ADD node_modules/@react-navigation/native
1181 silly ADD node_modules/@react-navigation/native/node_modules/escape-string-regexp
1182 silly ADD node_modules/@react-navigation/bottom-tabs
1183 silly ADD node_modules/expo-font
1184 silly ADD node_modules/@expo/vector-icons
1185 silly ADD
1186 silly ADD
1187 silly ADD
1188 silly ADD
1189 silly ADD
1190 silly ADD
1191 silly ADD
1192 silly ADD
1193 silly ADD
1194 silly ADD
1195 silly REMOVE node_modules/expo/node_modules/@expo/vector-icons
1196 silly REMOVE node_modules/expo/node_modules/expo-constants
1197 silly REMOVE node_modules/expo/node_modules/expo-font
1198 verbose cwd /Users/nikhilmohanty/Documents/reclaim/RecoverVoiceApp
1199 verbose os Darwin 24.3.0
1200 verbose node v23.7.0
1201 verbose npm  v10.9.2
1202 verbose exit 0
1203 info ok
